customerID,gender,SeniorCitizen,Partner,Dependents,tenure,PhoneService,MultipleLines,InternetService,OnlineSecurity,OnlineBackup,DeviceProtection,TechSupport,StreamingTV,StreamingMovies,Contract,PaperlessBilling,PaymentMethod,MonthlyCharges,TotalCharges,Churn,churn_probability,CLV
2558,1,0,0,0,2,1,0,0,2,2,0,0,0,0,0,1,3,53.85,108.15,Yes,0.82,107.7
6500,0,0,0,0,2,1,0,1,0,0,0,0,0,0,0,1,2,70.7,151.65,Yes,0.76,141.4
6540,0,0,0,0,8,1,2,1,0,0,2,0,2,2,0,1,2,99.65,820.5,Yes,0.995,797.2
5593,0,0,1,0,28,1,2,1,0,0,2,2,2,2,0,1,2,104.8,3046.05,Yes,0.885,2934.4
174,1,0,0,0,49,1,2,1,0,2,2,0,2,2,0,1,0,103.7,5036.3,Yes,0.845,5081.3
6196,1,1,0,0,1,0,1,0,0,0,2,0,0,2,0,1,2,39.65,39.65,Yes,0.975,39.65
723,1,0,0,0,1,1,0,2,1,1,1,1,1,1,0,0,3,20.15,20.15,Yes,0.8581527777777777,20.15
4574,1,0,1,1,47,1,2,1,0,2,0,0,2,2,0,1,2,99.35,4749.15,Yes,0.755,4669.45
6108,1,0,1,1,1,0,1,0,0,2,0,0,0,0,0,0,2,30.2,30.2,Yes,0.785,30.2
6188,0,0,0,1,17,1,0,0,0,0,0,0,2,2,0,1,3,64.7,1093.1,Yes,0.75,1099.9
4282,1,0,0,0,5,1,0,1,0,0,0,0,0,0,0,1,2,69.7,316.9,Yes,0.81,348.5
3819,1,0,0,0,34,1,2,1,0,2,2,0,2,2,0,1,2,106.35,3549.25,Yes,0.715,3615.8999999999996
5792,0,0,0,0,11,1,2,1,0,0,2,0,2,2,0,1,0,97.85,1105.4,Yes,0.985,1076.35
5499,0,0,0,0,2,1,0,1,0,0,0,0,2,0,0,1,2,80.65,144.15,Yes,0.9,161.3
6619,0,0,0,0,15,1,0,1,2,2,0,0,2,2,0,1,1,99.1,1426.4,Yes,0.865,1486.5
5295,0,1,1,0,8,1,2,1,0,2,0,0,0,0,0,1,1,80.65,633.3,Yes,0.75,645.2
1128,1,1,0,0,18,1,2,1,0,0,0,0,2,2,0,1,2,95.45,1752.55,Yes,0.82,1718.1000000000001
4034,0,0,0,0,9,1,2,1,0,0,0,0,2,2,0,0,2,94.4,857.25,Yes,0.84,849.6
4181,0,0,0,1,1,1,0,1,0,0,0,0,2,0,0,1,2,79.35,79.35,Yes,0.925,79.35
6477,0,0,1,0,7,1,0,1,0,0,2,0,0,0,0,1,0,75.15,496.9,Yes,0.84,526.0500000000001
3092,1,0,0,0,9,1,2,1,0,2,0,0,2,2,0,1,1,99.3,918.75,No,0.885,893.6999999999999
3199,0,1,1,0,25,1,0,1,0,2,2,0,2,2,0,1,2,98.5,2514.5,Yes,0.865,2462.5
3754,0,0,1,1,10,1,2,1,2,0,0,0,2,2,0,1,2,100.25,1064.65,Yes,0.9,1002.5
274,1,0,0,0,3,1,2,1,0,0,0,0,0,0,0,1,2,74.4,229.55,Yes,0.91,223.20000000000002
2754,1,0,0,0,1,1,0,2,1,1,1,1,1,1,0,0,3,19.75,19.75,No,0.7983333333333333,19.75
2154,1,0,0,0,1,0,1,0,0,0,0,0,0,2,0,1,2,35.45,35.45,Yes,0.995,35.45
1631,1,0,0,0,2,1,0,0,0,0,0,0,0,0,0,0,2,44.35,81.25,Yes,0.845,88.7
2856,0,0,0,0,8,1,2,0,2,0,0,2,0,2,0,0,2,71.15,563.65,Yes,0.73,569.2
1445,1,0,0,0,1,1,0,0,0,0,0,0,0,0,0,1,2,45.65,45.65,Yes,0.965,45.65
2718,1,0,0,0,7,1,2,1,0,0,0,0,2,2,0,0,3,95.0,655.5,Yes,0.895,665.0
589,0,0,1,0,20,1,2,1,2,0,0,0,0,0,0,0,2,82.4,1592.35,Yes,0.74,1648.0
2353,0,0,0,0,4,1,0,1,0,0,0,0,0,0,0,1,0,70.9,273,Yes,0.91,283.6
2400,1,1,1,0,58,0,1,0,0,2,2,0,0,2,0,1,2,45.3,2651.2,Yes,0.74,2627.3999999999996
1268,0,0,1,0,2,1,2,1,0,0,2,2,2,2,0,1,2,104.4,242.8,Yes,0.87,208.8
475,0,0,1,0,53,1,0,1,0,0,2,0,2,2,1,1,0,94.85,5000.2,Yes,0.715,5027.049999999999
1816,0,1,0,0,15,1,2,1,0,0,0,0,0,0,0,1,3,74.45,1145.7,Yes,0.95,1116.75
6581,1,0,0,0,8,1,2,1,0,0,0,0,0,2,0,0,0,84.5,662.65,Yes,0.88,676.0
1287,0,0,0,0,13,1,0,1,0,2,2,0,0,0,0,1,2,79.25,1111.65,Yes,0.945,1030.25
1694,1,0,1,0,6,1,0,1,0,2,2,0,0,2,0,1,2,91.0,531,Yes,0.875,546.0
884,1,0,0,0,1,1,0,1,0,0,0,0,0,2,0,0,2,79.9,79.9,Yes,0.995,79.9
5547,0,0,0,0,19,1,0,1,2,0,2,2,2,2,0,1,2,106.6,1934.45,Yes,0.77,2025.3999999999999
5556,1,0,0,0,2,1,0,0,0,0,0,0,0,0,0,1,1,46.0,84.5,Yes,0.795,92.0
6610,0,0,0,0,4,1,0,1,0,0,0,0,0,0,0,1,2,70.15,268.35,Yes,0.865,280.6
1520,0,0,1,0,1,1,0,0,0,0,0,0,2,0,0,0,3,55.2,55.2,Yes,0.815,55.2
6302,1,0,0,0,1,1,0,1,2,0,0,0,0,2,0,1,3,84.6,84.6,Yes,0.895,84.6
861,1,0,0,0,2,1,2,0,0,2,0,0,0,0,0,1,3,54.4,114.1,Yes,0.88,108.8
54,0,1,0,0,11,1,0,1,0,2,0,0,2,2,0,1,2,95.0,1120.3,Yes,0.91,1045.0
7001,1,1,0,0,15,1,0,1,0,2,0,0,0,0,0,1,2,74.4,1074.3,Yes,0.92,1116.0
207,1,0,0,0,1,1,0,0,2,0,0,0,0,0,0,1,3,48.55,48.55,Yes,0.775,48.55
3223,0,0,1,1,2,1,0,1,0,0,0,0,0,0,0,0,2,70.4,147.15,Yes,0.84,140.8
6689,1,1,1,0,1,0,1,0,0,2,0,0,2,0,0,0,2,40.2,40.2,Yes,0.915,40.2
3495,0,0,1,0,2,1,0,0,0,0,0,0,0,0,0,1,1,44.6,80.55,Yes,0.765,89.2
5161,1,1,0,0,3,0,1,0,0,0,2,0,0,2,0,1,2,41.15,132.2,Yes,0.87,123.44999999999999
2517,1,1,0,0,13,1,2,1,0,2,2,0,2,2,0,1,2,106.9,1364.3,Yes,0.87,1389.7
3055,0,1,0,0,16,1,0,1,0,0,0,2,2,2,0,1,2,94.45,1511.2,Yes,0.785,1511.2
4507,1,0,0,0,1,0,1,0,0,0,0,0,0,0,0,0,0,24.8,24.8,Yes,0.825,24.8
4197,1,0,0,0,1,1,0,1,0,0,0,0,0,0,0,0,3,70.6,70.6,Yes,0.885,70.6
4552,1,0,1,0,5,1,2,1,0,2,0,2,0,0,0,1,2,85.4,401.1,Yes,0.92,427.0
3118,0,0,1,0,52,1,2,1,0,2,2,0,2,2,0,1,2,105.05,5624.85,Yes,0.81,5462.599999999999
3958,1,0,1,0,1,1,0,1,0,0,0,0,0,0,0,0,2,70.0,70,Yes,0.965,70.0
2430,1,1,0,0,8,1,0,1,0,2,0,0,0,0,0,1,2,74.5,606.55,Yes,0.89,596.0
2498,1,0,0,0,10,1,0,0,0,0,0,0,0,0,0,1,1,44.85,435.4,Yes,0.75,448.5
4525,0,0,0,1,1,1,0,1,2,0,0,0,0,0,0,1,3,73.6,73.6,Yes,0.905,73.6
5746,0,1,0,0,4,1,2,1,0,0,0,0,2,2,0,1,2,95.45,396.1,Yes,0.97,381.8
163,1,1,1,0,32,1,2,1,0,0,0,0,0,0,0,1,2,74.9,2303.35,Yes,0.83,2396.8
5345,1,0,0,0,5,1,0,1,0,0,0,0,2,0,0,1,2,80.6,415.55,Yes,0.83,403.0
1958,1,1,1,0,24,1,0,1,0,0,2,0,2,2,0,1,2,93.15,2231.05,Yes,0.825,2235.6000000000004
3533,0,1,0,0,54,1,2,0,2,2,0,2,2,2,1,0,0,82.45,4350.1,Yes,0.735,4452.3
4097,0,1,0,0,2,1,0,1,0,0,0,0,0,0,0,1,2,70.35,139.05,Yes,0.865,140.7
75,0,0,0,0,7,1,2,1,0,0,0,0,0,0,0,1,2,73.85,511.25,Yes,0.83,516.9499999999999
1982,0,0,0,0,2,1,2,1,0,0,2,0,0,0,0,0,3,80.6,155.8,Yes,0.92,161.2
924,1,0,1,0,63,1,2,1,0,2,2,0,2,2,0,1,2,103.4,6603,Yes,0.765,6514.200000000001
1369,0,0,0,0,2,1,0,1,0,0,0,0,2,2,0,1,2,90.4,168.2,Yes,0.9,180.8
126,1,0,1,1,4,1,2,1,0,2,2,0,0,0,0,1,0,84.8,371.9,Yes,0.94,339.2
428,0,1,0,0,21,0,1,0,2,0,0,0,2,0,0,1,2,41.9,840.1,Yes,0.78,879.9
3182,0,0,0,0,10,1,0,1,0,0,0,0,0,2,0,1,0,80.25,846,Yes,0.84,802.5
6381,1,1,1,0,27,0,1,0,2,0,0,0,0,0,0,0,1,30.75,805.1,Yes,0.775,830.25
683,1,0,0,0,5,1,0,1,0,0,2,0,2,2,0,0,0,96.5,492.55,Yes,0.925,482.5
159,1,0,0,0,2,1,2,1,0,0,0,0,2,0,0,1,2,85.65,181.5,Yes,0.94,171.3
4355,1,0,0,0,1,0,1,0,0,0,0,0,0,0,0,0,3,25.35,25.35,No,0.72,25.35
6751,0,0,1,0,25,1,2,1,0,0,2,2,2,2,0,1,0,104.95,2566.5,Yes,0.895,2623.75
4894,1,0,0,0,1,1,0,0,0,2,0,0,0,0,0,0,3,50.65,50.65,Yes,0.905,50.65
3646,1,0,0,0,1,1,2,1,0,2,0,0,0,2,0,1,1,90.85,90.85,Yes,0.845,90.85
363,0,1,1,0,55,1,2,1,0,2,2,0,0,0,0,1,2,85.45,4874.7,Yes,0.775,4699.75
4667,0,0,0,0,34,1,0,1,0,2,0,0,0,0,0,1,1,73.95,2524.45,Yes,0.775,2514.3
3357,0,0,0,0,1,1,0,2,1,1,1,1,1,1,0,1,3,19.9,19.9,Yes,0.9297619047619048,19.9
5655,1,0,0,0,1,1,0,2,1,1,1,1,1,1,0,1,3,19.6,19.6,Yes,0.7391666666666665,19.6
217,1,1,0,0,3,1,2,1,0,2,0,0,0,0,0,1,2,81.35,233.7,Yes,0.925,244.04999999999998
391,0,0,1,1,22,1,0,1,0,2,0,0,0,2,0,0,2,83.3,1845.9,Yes,0.745,1832.6
3941,0,1,0,0,1,1,0,1,0,0,2,0,0,0,0,1,0,75.3,75.3,Yes,0.92,75.3
6388,0,0,1,1,61,1,0,2,1,1,1,1,1,1,0,1,3,19.4,1182.55,Yes,0.715,1183.3999999999999
2875,0,0,0,0,1,1,0,1,0,0,0,0,0,0,0,0,3,69.55,69.55,Yes,0.955,69.55
602,1,0,1,1,4,1,2,1,0,0,2,0,2,2,0,0,2,101.15,385.9,Yes,0.895,404.6
2682,1,0,0,0,7,1,2,1,0,2,0,0,2,2,0,1,2,99.8,673.25,Yes,0.96,698.6
2499,1,0,0,0,1,1,0,0,0,0,0,0,0,2,0,1,2,55.0,55,Yes,0.79,55.0
6604,0,0,1,1,1,1,0,1,0,2,0,0,0,0,0,1,2,74.7,74.7,Yes,0.93,74.7
1617,1,0,0,0,24,1,2,1,0,2,0,0,0,0,0,1,2,80.25,1861.5,Yes,0.815,1926.0
190,1,0,0,0,5,1,0,1,0,0,0,2,2,2,0,1,2,96.1,453.4,Yes,0.88,480.5
4205,0,0,1,1,8,1,0,1,0,2,0,0,2,0,0,1,2,83.55,680.05,Yes,0.88,668.4
5925,1,0,0,1,1,1,2,1,0,0,0,0,0,0,0,1,2,74.35,74.35,Yes,0.955,74.35
4414,0,1,0,0,5,0,1,0,0,2,0,0,0,0,0,0,2,28.45,131.05,Yes,0.79,142.25
5517,0,0,0,0,12,1,2,1,2,2,2,0,0,2,0,1,0,99.7,1238.45,Yes,0.9,1196.4
3972,0,1,0,0,20,1,2,1,0,2,2,0,0,2,0,1,2,94.1,1782.4,Yes,0.855,1882.0
5119,1,0,1,0,2,1,0,1,0,0,0,2,2,2,0,1,2,94.2,167.5,Yes,0.9,188.4
3232,0,0,1,1,6,1,2,1,0,0,0,2,0,0,0,1,2,80.5,502.85,Yes,0.875,483.0
4211,0,1,1,0,5,1,2,1,0,0,0,0,0,0,0,1,2,74.35,334.8,Yes,0.875,371.75
6613,1,0,0,0,40,1,2,1,0,0,2,2,2,2,0,0,0,104.8,4131.95,Yes,0.825,4192.0
157,0,1,1,0,27,1,0,1,2,0,0,0,0,0,0,1,0,75.2,1929.35,Yes,0.715,2030.4
4833,0,0,0,0,23,1,2,1,0,0,0,0,0,0,0,0,0,75.6,1758.6,Yes,0.79,1738.8
2957,1,0,0,0,2,1,0,1,0,0,0,0,2,0,0,1,2,79.95,174.45,No,0.945,159.9
6528,0,0,0,0,1,1,2,1,0,0,0,0,0,2,0,1,2,85.0,85,Yes,0.965,85.0
923,1,0,0,0,10,1,2,1,0,0,0,0,2,0,0,1,0,86.05,834.1,Yes,0.895,860.5
1939,1,0,0,0,13,0,1,0,2,0,0,2,2,0,0,1,1,45.55,597,Yes,0.715,592.15
641,0,0,0,0,35,1,2,1,0,0,2,0,2,2,0,1,2,100.25,3527.6,Yes,0.845,3508.75
1977,0,1,0,0,4,1,2,1,0,0,2,0,2,0,0,1,2,89.2,346.2,Yes,0.875,356.8
3672,0,1,0,0,1,1,2,1,0,0,0,0,2,0,0,1,2,85.7,85.7,Yes,0.95,85.7
3335,0,0,1,1,9,1,0,0,2,2,2,2,0,0,0,0,3,65.0,663.05,Yes,0.735,585.0
2838,0,0,0,0,7,1,2,1,0,2,0,0,0,0,0,1,0,78.55,522.95,No,0.77,549.85
682,0,0,0,0,7,1,0,2,1,1,1,1,1,1,0,0,0,20.0,137.6,Yes,0.715,140.0
3588,1,1,1,1,43,1,2,1,0,2,2,2,2,2,0,1,0,110.75,4687.9,Yes,0.72,4762.25
5113,0,0,1,1,65,1,2,1,0,2,2,0,2,2,0,1,2,105.5,6985.65,Yes,0.815,6857.5
110,1,0,1,0,10,1,2,1,0,0,0,0,0,2,0,1,2,85.25,855.3,Yes,0.94,852.5
3186,0,0,1,1,43,1,0,0,0,0,0,0,2,0,0,0,2,56.15,2499.3,Yes,0.725,2414.45
1113,1,1,1,0,20,1,2,1,0,0,0,0,2,2,0,1,2,94.55,1899.65,Yes,0.835,1891.0
606,1,0,0,0,1,1,0,0,0,0,0,0,0,0,0,1,3,45.7,45.7,Yes,0.925,45.7
3991,0,1,0,0,2,1,2,1,0,2,0,0,0,2,0,0,2,89.5,161.5,Yes,0.88,179.0
1359,0,0,0,0,1,1,0,1,0,0,2,0,0,0,0,1,3,74.6,74.6,Yes,0.945,74.6
3998,0,0,0,0,4,0,1,0,0,0,0,0,0,0,0,1,3,24.25,96.05,Yes,0.85,97.0
5327,0,0,0,0,2,1,0,1,0,0,0,0,0,0,0,0,2,69.65,145.15,Yes,0.815,139.3
2705,0,0,0,0,4,1,0,0,0,0,0,0,0,0,0,0,3,45.65,191.05,Yes,0.865,182.6
2286,0,0,0,0,1,1,2,1,0,0,0,0,0,0,0,1,3,75.05,75.05,Yes,0.94,75.05
557,0,0,0,0,2,0,1,0,0,0,0,0,0,2,0,1,2,34.7,62.25,Yes,0.92,69.4
997,1,0,1,1,1,1,0,1,0,0,0,0,0,2,0,0,2,80.0,80,Yes,0.73,80.0
5695,0,0,0,0,1,1,0,1,0,0,0,0,0,0,0,0,3,71.1,71.1,No,0.99,71.1
40,1,1,0,0,2,1,0,0,2,0,0,0,0,0,0,1,2,49.25,91.1,Yes,0.96,98.5
1564,0,0,0,0,3,1,2,1,0,0,0,0,0,0,0,1,1,75.1,270.7,Yes,0.92,225.29999999999998
4160,1,0,1,1,3,1,0,0,0,0,2,0,0,0,0,1,2,50.15,168.15,Yes,0.85,150.45
1198,1,0,0,0,29,1,2,1,0,0,0,0,0,2,0,1,2,84.9,2516.2,No,0.78,2462.1000000000004
3488,0,0,1,1,4,1,2,1,0,0,0,0,0,2,0,1,2,85.95,381.3,Yes,0.955,343.8
1090,1,0,0,0,3,1,0,0,0,0,0,0,0,0,0,1,2,45.35,141.5,Yes,0.84,136.05
3720,1,1,1,0,33,1,2,1,0,0,0,0,2,2,0,1,2,94.5,3105.55,Yes,0.895,3118.5
1848,0,1,0,0,30,1,2,1,2,2,2,0,0,0,0,0,1,91.7,2758.15,Yes,0.79,2751.0
4558,0,0,0,0,45,1,2,1,0,0,2,2,0,0,0,1,2,87.25,3941.7,Yes,0.75,3926.25
3618,1,0,0,0,10,1,2,1,2,0,0,0,2,2,0,0,2,98.55,1008.55,Yes,0.835,985.5
4733,1,1,0,0,20,1,2,1,0,0,2,0,2,2,0,1,2,98.55,1842.8,Yes,0.965,1971.0
1481,0,0,0,1,15,1,0,1,0,2,0,0,0,2,0,1,0,85.9,1269.55,Yes,0.845,1288.5
5228,1,0,1,0,3,1,0,1,0,0,0,0,0,0,0,1,2,70.3,208.85,Yes,0.76,210.89999999999998
143,1,0,0,0,15,1,2,1,0,0,0,0,2,2,0,1,2,93.35,1444.65,Yes,0.82,1400.25
4120,0,0,1,0,5,1,0,1,2,0,2,0,0,2,0,1,3,88.9,454.15,Yes,0.745,444.5
1371,1,0,1,0,33,1,0,1,0,0,2,0,2,2,1,1,2,95.8,3036.75,Yes,0.73,3161.4
5187,1,0,0,0,2,1,2,1,0,2,0,0,0,0,0,1,2,82.0,184.65,Yes,0.77,164.0
206,1,0,0,0,2,1,0,0,0,0,0,0,0,0,0,0,2,45.35,89.5,Yes,0.88,90.7
3265,0,0,0,0,1,1,0,0,0,0,0,2,0,0,0,1,2,52.2,52.2,Yes,0.705,52.2
2095,1,0,0,0,62,1,2,1,0,0,2,0,2,2,1,1,2,96.75,6125.4,Yes,0.765,5998.5
999,0,0,0,0,10,1,2,1,0,0,0,2,2,2,0,1,2,98.5,1058.25,Yes,0.89,985.0
2186,1,0,0,0,6,1,0,1,0,2,0,0,2,0,0,1,2,85.35,489.45,Yes,0.94,512.0999999999999
2986,1,0,1,0,40,1,2,1,0,2,0,0,2,2,0,1,2,101.3,4113.1,Yes,0.88,4052.0
1229,1,0,0,0,1,1,0,1,0,0,0,0,0,0,0,1,2,69.55,69.55,Yes,0.995,69.55
1532,1,0,0,0,58,1,2,1,0,2,2,0,2,2,1,1,0,103.25,6017.65,Yes,0.71,5988.5
4441,0,0,0,0,2,1,0,1,0,0,2,0,0,2,0,1,3,86.2,178.7,Yes,0.865,172.4
71,1,0,1,0,21,1,2,1,0,2,2,2,2,2,0,1,2,111.2,2317.1,Yes,0.83,2335.2000000000003
1585,0,0,1,1,16,1,0,1,0,2,2,0,2,0,0,1,1,89.45,1430.25,Yes,0.735,1431.2
2541,1,1,1,0,7,1,2,1,0,0,0,0,2,2,0,1,0,95.6,644.35,Yes,0.925,669.1999999999999
2168,1,0,1,1,60,1,0,1,0,2,2,0,2,0,1,0,2,90.95,5453.4,Yes,0.715,5457.0
6497,0,1,0,0,4,1,0,1,0,0,0,0,2,0,0,1,2,78.85,292.8,Yes,0.88,315.4
4950,1,0,0,0,1,1,0,0,0,0,0,0,0,0,0,0,3,44.4,44.4,Yes,0.725,44.4
2106,1,0,0,0,1,1,0,1,0,0,0,0,2,2,0,1,2,89.9,89.9,Yes,0.79,89.9
1639,0,0,0,1,62,1,2,1,0,0,2,0,2,2,1,1,2,100.15,6413.65,Yes,0.72,6209.3
1497,1,0,0,0,1,1,0,0,0,2,0,0,0,0,0,0,2,50.8,50.8,Yes,0.905,50.8
649,1,1,1,0,20,1,0,1,0,2,0,0,0,0,0,1,2,73.65,1463.5,Yes,0.875,1473.0
6999,0,0,0,0,3,1,0,1,0,2,0,0,2,2,0,1,2,95.1,307.4,Yes,0.94,285.29999999999995
2889,1,0,0,0,22,1,2,1,0,0,0,0,2,2,0,1,1,94.65,2104.55,Yes,0.83,2082.3
2562,1,0,1,0,4,1,0,1,0,0,2,2,0,0,0,1,3,80.6,319.15,Yes,0.88,322.4
119,0,0,0,0,15,1,0,1,2,0,2,2,2,2,0,0,2,105.1,1582.75,Yes,0.845,1576.5
1439,0,1,0,0,7,1,0,1,0,0,2,0,2,0,0,1,2,84.35,609.65,No,0.775,590.4499999999999
2674,1,0,1,1,50,1,2,1,0,2,2,0,2,2,0,1,0,103.85,5017.9,Yes,0.845,5192.5
3008,0,0,0,0,12,1,0,1,2,0,0,2,2,2,0,1,0,98.9,1120.95,Yes,0.86,1186.8000000000002
6842,0,0,0,0,9,1,2,1,0,0,2,0,2,2,0,0,1,98.3,923.5,Yes,0.94,884.6999999999999
1871,1,0,0,0,17,1,0,1,2,0,0,0,2,2,0,0,2,93.85,1625.65,Yes,0.775,1595.4499999999998
531,1,1,0,0,9,1,2,1,0,0,2,0,2,2,0,1,2,100.5,918.6,Yes,0.965,904.5
1282,1,1,0,0,10,1,0,1,0,2,0,0,0,0,0,1,2,72.85,688.65,Yes,0.885,728.5
4610,1,1,1,0,1,1,2,1,0,0,0,0,0,0,0,1,2,73.55,73.55,Yes,0.895,73.55
5021,0,1,0,0,3,1,2,1,0,2,0,0,0,0,0,1,2,79.4,205.05,Yes,0.87,238.20000000000002
6769,0,0,0,0,13,1,0,1,0,2,2,0,0,0,0,1,2,81.15,952.3,Yes,0.9,1054.95
3327,0,1,0,0,4,1,2,1,0,0,0,0,0,2,0,1,2,84.6,360.1,Yes,0.825,338.4
4991,1,1,0,0,35,1,2,1,0,0,2,0,2,2,0,1,2,99.05,3395.8,Yes,0.89,3466.75
6635,1,0,1,0,1,1,0,0,0,0,0,0,0,0,0,0,1,44.7,44.7,Yes,0.72,44.7
6430,1,0,0,0,1,1,0,0,0,0,0,0,0,0,0,1,3,45.7,45.7,Yes,0.925,45.7
6958,1,1,0,0,8,1,0,1,2,0,0,2,2,2,0,0,1,100.3,832.35,Yes,0.785,802.4
3157,1,0,0,0,7,1,0,2,1,1,1,1,1,1,0,0,2,19.25,112.3,Yes,0.71,134.75
2198,0,0,0,0,2,1,2,1,0,0,0,0,2,2,0,1,2,96.0,174.8,Yes,0.975,192.0
5174,0,0,0,0,1,1,0,1,0,0,0,0,2,2,0,0,2,90.55,90.55,Yes,0.98,90.55
4144,1,0,0,0,1,1,0,1,0,0,0,0,0,0,0,1,2,69.9,69.9,Yes,0.99,69.9
6058,1,0,0,0,1,1,2,1,0,0,0,0,0,2,0,1,2,86.6,86.6,Yes,0.97,86.6
2695,0,0,0,0,35,1,2,1,0,2,0,2,0,0,0,0,1,85.3,2917.5,Yes,0.725,2985.5
4703,0,0,0,0,34,1,0,1,0,0,0,0,0,0,0,1,1,70.0,2416.1,Yes,0.745,2380.0
948,0,1,0,0,4,1,2,1,0,0,0,0,2,2,0,1,2,94.3,424.45,Yes,0.975,377.2
5921,0,0,0,0,7,1,0,1,0,0,2,0,2,2,0,1,2,95.35,660.9,Yes,0.935,667.4499999999999
6695,0,0,0,0,18,1,2,1,0,0,0,2,0,2,0,1,2,90.1,1612.75,Yes,0.785,1621.8
4959,0,0,0,0,2,1,0,1,0,0,0,0,0,0,0,0,2,68.95,119.75,Yes,0.815,137.9
6225,1,0,1,1,32,1,2,1,2,0,0,0,2,2,0,1,1,99.55,3204.65,Yes,0.725,3185.6
3386,1,1,0,0,8,1,2,1,0,0,2,0,2,2,0,1,2,100.6,819.4,Yes,0.97,804.8
5972,1,0,1,1,26,1,2,1,0,0,0,0,2,0,0,1,2,83.75,2070.6,Yes,0.78,2177.5
2923,0,1,1,1,3,1,0,1,2,0,0,2,2,0,0,1,3,88.3,273.75,Yes,0.845,264.9
2907,0,1,0,0,8,1,0,1,0,0,2,0,2,2,0,1,2,92.1,729.95,Yes,0.935,736.8
7002,1,0,1,0,38,1,0,1,2,2,0,0,0,0,0,1,2,79.45,3013.05,Yes,0.74,3019.1
3436,1,0,1,1,32,1,0,1,0,0,0,0,0,0,0,1,0,69.75,2347.9,Yes,0.805,2232.0
879,1,1,0,0,12,0,1,0,0,0,2,2,0,2,0,1,2,43.65,526.95,Yes,0.75,523.8
4012,0,0,0,0,5,0,1,0,0,0,2,0,0,2,0,0,2,39.5,210.75,Yes,0.825,197.5
4229,1,0,1,0,40,1,2,1,0,0,0,0,2,2,0,1,0,97.1,3706.95,Yes,0.785,3884.0
4921,0,0,0,0,5,1,0,1,0,0,0,0,0,2,0,1,2,80.0,412.5,Yes,0.92,400.0
1111,0,0,0,0,10,1,0,1,2,0,0,0,2,0,0,1,3,84.7,832.05,Yes,0.79,847.0
1401,1,0,1,1,2,1,0,1,0,0,0,0,2,2,0,1,0,89.55,185.55,Yes,0.845,179.1
3922,1,0,1,0,49,1,2,1,0,2,0,0,2,2,0,1,0,99.05,4853.75,Yes,0.775,4853.45
4360,0,0,0,0,2,1,0,1,0,0,0,0,0,0,0,0,0,69.75,144.55,Yes,0.715,139.5
2164,0,0,0,0,2,1,0,0,0,2,0,0,0,0,0,1,1,49.05,91.1,Yes,0.8,98.1
445,1,0,0,0,7,1,2,1,0,0,2,0,2,2,0,1,0,98.05,713,Yes,0.855,686.35
3039,0,0,0,0,41,1,2,1,2,2,2,2,2,2,0,1,0,114.5,4527.45,Yes,0.845,4694.5
6951,1,0,0,0,2,1,0,1,0,0,0,0,0,2,0,1,2,80.95,171.15,Yes,0.77,161.9
3089,0,1,0,0,13,1,0,1,0,0,2,0,0,0,0,1,2,74.3,940.35,Yes,0.905,965.9
6346,0,1,0,0,11,1,0,1,0,0,0,0,2,2,0,0,0,89.7,1047.7,Yes,0.895,986.7
6233,1,0,1,1,3,1,0,0,0,2,2,0,0,0,0,1,3,56.15,168.15,Yes,0.76,168.45
6861,0,0,0,0,4,1,0,1,2,0,2,2,0,2,0,1,0,94.4,387.2,Yes,0.825,377.6
5405,0,0,1,0,37,1,2,1,0,0,2,0,0,0,0,1,1,78.95,2839.65,Yes,0.73,2921.15
2857,0,0,0,0,19,0,1,0,0,0,0,0,2,2,1,1,1,44.85,893.55,Yes,0.705,852.15
5759,1,1,1,0,39,1,2,1,0,2,2,0,2,2,0,1,2,105.65,4284.8,Yes,0.805,4120.35
631,1,0,0,0,7,1,0,1,0,0,2,0,0,0,0,0,3,74.65,544.55,Yes,0.785,522.5500000000001
3745,0,1,1,0,11,1,2,1,0,0,2,2,2,2,0,1,0,104.05,1133.65,Yes,0.89,1144.55
573,1,0,0,0,1,0,1,0,0,0,0,0,0,2,0,1,2,35.55,35.55,Yes,0.995,35.55
5561,0,0,0,0,2,1,2,1,0,0,0,0,2,2,0,1,2,95.15,196.9,Yes,0.975,190.3
6238,1,0,1,1,13,1,0,1,0,0,2,0,2,2,0,1,3,96.65,1162.85,Yes,0.785,1256.45
2862,0,1,1,0,3,1,0,1,0,0,0,0,2,0,0,1,2,80.4,224.05,Yes,0.905,241.20000000000002
4139,1,0,0,1,1,0,1,0,0,2,0,0,0,0,0,1,3,31.35,31.35,Yes,0.815,31.35
84,0,0,0,0,12,1,2,1,0,2,0,0,2,0,0,1,0,89.75,1052.4,Yes,0.875,1077.0
63,1,0,0,0,1,1,0,2,1,1,1,1,1,1,0,1,2,19.85,19.85,Yes,0.78,19.85
2800,0,0,0,0,6,1,2,1,0,2,2,2,2,2,0,1,1,109.9,669.45,Yes,0.82,659.4000000000001
77,1,0,0,0,15,1,0,1,0,0,2,2,2,2,0,1,2,101.35,1553.95,Yes,0.76,1520.25
4015,0,0,0,0,1,1,2,0,0,0,0,0,0,2,0,1,2,60.15,60.15,Yes,0.86,60.15
1084,1,0,0,0,7,1,2,1,0,0,2,0,2,0,0,1,2,90.45,593.45,Yes,0.925,633.15
4501,1,0,0,0,1,1,2,1,0,0,0,0,0,0,0,1,2,74.9,74.9,Yes,0.935,74.9
3895,0,0,0,0,1,1,0,1,0,0,0,0,2,0,0,1,2,80.25,80.25,Yes,0.945,80.25
6913,1,0,1,1,17,1,0,1,0,0,0,0,0,0,0,1,2,69.0,1149.65,Yes,0.865,1173.0
6944,1,0,0,0,19,1,2,1,0,0,0,0,0,2,0,1,0,86.0,1532.45,Yes,0.77,1634.0
6964,0,0,1,1,3,1,0,1,0,0,0,0,0,2,0,1,2,80.3,250.05,Yes,0.84,240.89999999999998
5651,1,0,0,0,24,1,2,1,0,2,0,0,2,0,0,1,1,90.55,2282.55,Yes,0.81,2173.2
1105,0,0,0,0,2,1,2,1,0,0,0,0,0,0,0,1,2,75.9,143.35,Yes,0.915,151.8
2206,1,0,1,1,1,1,0,0,0,0,0,0,0,0,0,1,3,45.85,45.85,Yes,0.8,45.85
4652,0,0,1,0,16,0,1,0,0,0,0,2,2,2,0,1,2,49.95,810.2,Yes,0.765,799.2
1146,1,0,1,1,34,1,0,1,0,0,0,0,2,0,0,0,2,78.3,2564.3,Yes,0.84,2662.2
4116,1,0,0,0,3,1,2,1,0,0,0,0,0,0,0,1,2,76.95,228.4,Yes,0.92,230.85000000000002
3942,0,1,0,0,16,1,2,1,0,0,0,0,2,2,0,1,2,96.15,1529.2,Yes,0.875,1538.4
3935,1,0,0,0,1,1,0,0,0,0,0,0,0,0,0,0,2,45.3,45.3,Yes,0.96,45.3
1512,0,0,0,0,15,1,0,2,1,1,1,1,1,1,0,0,0,19.4,289.3,Yes,0.745,291.0
5194,0,0,0,0,11,1,2,1,0,0,0,2,2,0,0,0,2,90.15,987.95,Yes,0.835,991.6500000000001
1953,1,0,0,0,1,1,0,0,0,0,0,0,0,0,0,0,3,45.05,45.05,Yes,0.83,45.05
5371,0,0,0,0,1,1,0,1,0,2,0,0,0,0,0,0,2,75.8,75.8,Yes,0.805,75.8
1361,0,0,0,0,7,1,0,1,0,0,0,0,0,2,0,1,2,79.3,523.15,Yes,0.89,555.1
2829,0,0,0,0,2,0,1,0,0,0,0,2,0,0,0,1,2,30.9,59.05,Yes,0.79,61.8
7029,1,0,0,0,2,1,0,0,0,2,0,0,0,0,0,1,3,50.3,92.75,No,0.78,100.6
1657,1,0,1,0,59,1,2,1,2,2,2,0,2,2,1,1,2,110.15,6448.05,Yes,0.705,6498.85
6439,1,1,1,0,7,1,0,1,0,0,0,0,2,2,0,1,2,89.5,676.7,Yes,0.92,626.5
5658,1,0,1,0,8,1,0,1,2,0,0,0,0,0,0,0,2,75.0,632.95,Yes,0.76,600.0
3538,1,0,0,0,6,1,0,0,0,0,0,0,0,0,0,0,2,44.75,270.95,Yes,0.795,268.5
4386,0,0,0,0,5,1,2,1,0,0,0,0,0,0,0,0,2,75.6,402.5,No,0.88,378.0
3177,0,0,1,0,11,1,0,0,0,0,0,0,0,0,0,1,2,44.05,483.7,Yes,0.73,484.54999999999995
6014,1,1,1,0,15,1,2,1,0,0,0,0,0,2,0,1,0,85.6,1345.55,Yes,0.895,1284.0
115,0,0,0,0,70,1,2,1,2,2,2,2,2,2,1,0,1,115.55,8127.6,Yes,0.77,8088.5
2347,1,1,0,0,16,1,2,1,0,0,0,0,2,0,0,1,2,86.6,1281,Yes,0.87,1385.6
5550,0,0,0,0,18,1,2,1,0,0,0,0,2,0,0,1,2,85.2,1553.9,Yes,0.93,1533.6000000000001
4526,0,0,1,0,34,1,2,1,0,0,0,0,2,2,0,1,2,97.65,3207.55,Yes,0.83,3320.1000000000004
4669,1,0,1,0,47,1,2,1,0,2,2,2,2,2,0,1,2,109.55,5124.55,Yes,0.775,5148.849999999999
6919,0,0,1,1,39,1,2,1,0,2,2,2,0,0,1,1,2,89.55,3474.45,Yes,0.72,3492.45
1171,1,0,0,1,1,1,0,2,1,1,1,1,1,1,0,1,3,19.45,19.45,Yes,0.72,19.45
5111,0,1,0,0,1,1,0,1,0,0,0,0,0,0,0,1,2,69.25,69.25,Yes,0.99,69.25
1202,0,1,0,0,1,0,1,0,0,0,0,0,0,0,0,1,2,25.2,25.2,Yes,0.955,25.2
3258,1,0,0,0,2,1,0,0,0,0,0,0,0,0,0,1,3,45.0,96.45,Yes,0.845,90.0
1302,1,0,0,0,1,1,0,2,1,1,1,1,1,1,0,0,3,20.15,20.15,Yes,0.8581527777777777,20.15
2692,1,0,1,0,66,1,2,1,0,2,2,0,2,2,0,1,1,105.0,7133.25,Yes,0.865,6930.0
6518,1,0,0,1,3,1,0,0,0,0,0,0,2,0,0,1,1,54.7,169.45,Yes,0.815,164.10000000000002
812,1,0,1,0,10,1,0,1,0,0,0,0,2,0,0,1,2,79.95,857.2,Yes,0.805,799.5
6614,0,0,0,0,18,1,2,1,0,0,0,2,2,0,0,1,2,88.35,1639.3,Yes,0.935,1590.3
5624,0,0,0,0,9,1,2,1,0,0,0,0,2,2,0,1,2,94.75,889.9,Yes,0.925,852.75
2662,0,1,0,0,13,1,2,1,0,0,0,0,2,2,0,1,2,95.05,1290,Yes,0.84,1235.6499999999999
2267,1,0,0,0,4,1,2,1,0,2,0,0,0,0,0,0,2,78.45,330.05,Yes,0.825,313.8
1754,1,0,0,0,4,1,0,1,0,0,0,0,0,0,0,1,2,70.2,237.95,Yes,0.845,280.8
5145,1,0,1,0,10,1,2,1,0,0,0,0,2,0,0,1,2,85.6,813.85,Yes,0.735,856.0
4643,0,1,0,0,1,1,0,1,0,0,0,0,2,0,0,1,2,79.2,79.2,Yes,0.99,79.2
2204,1,0,0,0,5,1,0,0,0,0,2,0,2,2,1,1,3,70.0,347.4,Yes,0.745,350.0
3289,0,0,1,0,22,1,0,1,0,0,0,0,0,0,0,1,2,69.25,1554,Yes,0.765,1523.5
3843,0,1,0,0,4,1,0,1,0,2,2,0,2,2,0,1,1,99.8,442.85,Yes,0.745,399.2
4415,0,0,0,1,18,0,1,0,0,0,0,0,0,2,0,1,2,35.0,553,Yes,0.715,630.0
4931,0,0,0,0,1,1,2,1,0,0,0,0,0,0,0,0,2,76.0,76,Yes,0.905,76.0
4987,0,1,0,0,2,1,2,1,0,0,0,0,2,2,0,1,2,93.85,170.85,Yes,0.97,187.7
3801,1,1,0,0,9,1,2,1,0,0,0,0,0,2,0,1,1,84.4,732.5,Yes,0.8,759.6
466,1,0,1,0,15,1,2,1,0,0,2,0,2,2,0,1,2,101.1,1504.05,Yes,0.915,1516.5
5505,1,0,0,0,1,1,2,0,0,0,0,0,0,0,0,1,2,50.45,50.45,Yes,0.75,50.45
1078,1,0,0,0,12,1,2,1,0,0,0,2,2,2,0,1,3,99.95,1132.75,Yes,0.895,1199.4
6709,0,0,0,0,2,1,2,1,0,0,2,0,2,0,0,1,2,91.4,193.6,Yes,0.88,182.8
2041,1,0,0,1,4,1,2,1,0,0,0,2,0,0,0,0,1,80.8,332.45,Yes,0.86,323.2
2422,0,0,1,0,16,1,2,1,0,2,0,0,2,2,0,1,2,100.0,1534.75,Yes,0.8,1600.0
2042,1,0,0,0,5,1,2,1,0,2,2,0,0,0,0,1,2,85.3,424.15,Yes,0.79,426.5
3334,0,0,0,0,4,1,0,1,0,0,0,0,0,0,0,0,2,70.4,281,Yes,0.85,281.6
3833,1,0,0,0,37,1,2,1,0,0,0,2,2,2,0,0,0,98.8,3475.55,Yes,0.74,3655.6
6529,1,0,1,1,13,1,2,1,0,0,0,0,0,0,0,1,1,74.4,896.75,Yes,0.705,967.2
5026,0,0,0,0,24,1,2,1,0,0,2,0,2,2,0,1,2,98.75,2407.3,Yes,0.885,2370.0
6937,1,0,0,0,41,1,2,1,0,2,2,0,2,2,0,1,2,104.7,4346.4,Yes,0.955,4292.7
6900,1,1,0,0,22,1,2,1,0,0,0,0,2,2,0,1,2,96.7,2082.95,Yes,0.905,2127.4
3694,0,0,0,0,2,1,0,0,0,2,0,2,0,0,0,1,1,55.05,102.75,Yes,0.83,110.1
2270,1,1,0,0,19,1,2,1,0,2,0,0,2,0,0,1,2,88.2,1775.8,Yes,0.87,1675.8
359,1,1,0,0,15,1,2,1,0,0,0,0,0,0,0,0,2,75.65,1146.65,Yes,0.805,1134.75
3717,1,1,0,0,1,1,2,1,0,0,0,0,0,0,0,1,2,74.7,74.7,Yes,0.99,74.7
451,0,1,0,0,1,0,1,0,0,0,0,0,0,0,0,1,3,25.8,25.8,Yes,0.965,25.8
2070,0,0,0,0,3,1,0,1,0,2,0,0,2,2,0,0,2,95.4,293.15,No,0.795,286.20000000000005
2584,1,0,1,1,2,1,0,1,0,0,2,2,0,2,0,0,1,90.0,190.05,Yes,0.885,180.0
6015,0,0,0,0,14,1,0,1,0,0,2,0,0,0,0,0,2,75.35,1025.95,Yes,0.73,1054.8999999999999
4472,1,0,0,0,8,1,2,1,0,2,0,0,2,2,0,0,2,100.85,819.55,Yes,0.89,806.8
6791,0,0,1,0,53,1,0,1,2,2,2,0,2,2,1,1,0,106.1,5769.75,Yes,0.71,5623.299999999999
2222,0,0,0,0,1,1,0,1,0,2,0,2,2,0,0,0,2,91.7,91.7,Yes,0.845,91.7
436,0,0,0,0,16,1,2,1,0,2,2,0,0,2,0,1,1,95.6,1555.65,Yes,0.845,1529.6
793,1,0,0,0,1,1,2,1,0,0,0,0,0,0,0,1,2,74.95,74.95,Yes,0.93,74.95
1821,1,1,0,0,10,1,2,1,0,0,0,0,2,2,0,1,2,95.35,898.35,Yes,0.93,953.5
5446,0,1,0,0,3,1,0,0,0,0,0,0,0,0,0,0,2,45.0,127.1,Yes,0.785,135.0
1346,1,0,0,0,66,1,0,1,0,2,2,0,2,2,0,0,2,99.5,6710.5,Yes,0.755,6567.0
6596,1,1,1,0,12,1,0,1,0,0,0,0,0,2,0,1,2,80.45,950.2,Yes,0.83,965.4000000000001
5936,0,0,1,1,42,1,0,1,0,0,0,0,2,0,0,1,1,77.95,3384,Yes,0.75,3273.9
2132,1,1,0,0,1,1,2,1,0,0,2,0,2,0,0,1,2,88.8,88.8,Yes,0.98,88.8
4273,1,0,0,0,30,1,0,1,0,0,0,0,2,2,0,1,2,90.25,2755.35,Yes,0.82,2707.5
2155,1,0,1,1,67,1,2,1,0,2,2,0,0,0,1,0,2,87.4,5918.8,Yes,0.745,5855.8
5679,0,1,0,0,23,1,0,1,0,2,0,0,2,2,0,1,2,94.75,2293.6,Yes,0.81,2179.25
4497,0,0,0,0,35,1,2,1,0,0,0,0,2,0,0,1,2,86.45,3029.1,Yes,0.83,3025.75
868,0,0,1,0,9,1,0,1,0,0,2,0,0,0,0,1,0,75.75,655.9,Yes,0.835,681.75
6663,0,1,0,0,42,1,2,1,0,0,0,0,2,0,0,1,2,84.65,3541.35,Yes,0.78,3555.3
3859,1,0,1,1,11,1,0,1,0,0,0,0,2,0,0,1,0,79.5,868.5,Yes,0.84,874.5
2116,0,0,0,0,1,1,2,1,0,0,0,0,0,2,0,0,3,85.8,85.8,Yes,0.985,85.8
6043,1,1,0,0,1,1,0,1,0,0,0,0,2,0,0,1,2,79.1,79.1,Yes,0.985,79.1
5634,0,0,1,1,3,1,0,0,0,0,0,0,0,0,0,0,3,44.3,134.5,Yes,0.795,132.89999999999998
847,1,0,1,1,50,1,2,1,2,0,2,0,2,2,0,0,1,105.95,5341.8,Yes,0.745,5297.5
1392,1,0,0,0,5,1,0,1,0,0,0,0,0,0,0,1,2,69.75,324.6,Yes,0.82,348.75
3805,1,0,1,0,51,1,2,1,0,0,0,0,2,2,0,1,2,94.65,4812.75,Yes,0.82,4827.150000000001
3552,1,1,0,1,1,1,0,0,0,0,2,0,0,0,0,1,3,50.15,50.15,Yes,0.805,50.15
6459,0,0,1,0,41,1,2,1,2,2,2,2,2,2,0,1,0,113.6,4594.95,Yes,0.815,4657.599999999999
4464,0,0,0,0,29,1,0,1,0,0,0,0,2,0,0,1,2,78.9,2384.15,Yes,0.755,2288.1000000000004
246,0,0,0,0,1,0,1,0,0,0,0,0,2,0,0,1,2,34.7,34.7,Yes,0.935,34.7
6053,1,0,0,0,3,1,2,1,0,0,0,0,0,2,0,1,2,85.3,264.8,Yes,0.865,255.89999999999998
3078,0,0,1,0,21,1,2,1,2,0,2,0,2,2,0,1,0,104.4,2200.25,Yes,0.925,2192.4
64,1,0,0,1,1,1,2,1,0,0,2,0,2,2,0,1,2,99.75,99.75,Yes,0.955,99.75
6090,1,0,0,0,4,1,0,0,0,0,2,2,2,2,0,1,2,74.4,299.7,Yes,0.795,297.6
4554,0,0,0,0,5,1,2,1,0,0,2,2,0,0,0,1,2,82.75,417.75,No,0.76,413.75
2883,0,0,0,0,9,1,0,1,2,0,0,0,0,0,0,1,1,74.25,639.65,Yes,0.745,668.25
5240,0,0,1,0,3,1,2,1,0,0,0,0,2,2,0,0,2,94.9,273.2,No,0.81,284.70000000000005
5928,0,1,0,0,1,1,0,1,0,0,0,0,0,0,0,1,2,69.6,69.6,Yes,1.0,69.6
5308,1,0,0,0,9,0,1,0,0,0,0,0,2,2,0,1,2,45.4,418.8,Yes,0.81,408.59999999999997
6898,1,0,0,0,1,1,0,1,0,0,0,0,0,0,0,1,2,69.9,69.9,Yes,0.99,69.9
3771,0,0,0,0,2,1,0,1,0,2,0,0,2,0,0,1,0,87.15,183.75,Yes,0.8,174.3
2234,0,0,1,1,3,1,2,1,0,0,0,0,0,2,0,1,0,84.75,264.85,Yes,0.94,254.25
6627,1,0,0,0,14,1,2,1,0,0,0,2,2,0,0,1,2,89.95,1178.4,Yes,0.9,1259.3
5082,1,1,0,0,13,1,0,1,0,0,0,0,2,2,0,1,2,90.5,1201.15,Yes,0.82,1176.5
5108,1,0,0,0,2,1,0,1,0,0,0,0,2,0,0,0,2,79.0,143.65,Yes,0.835,158.0
5932,1,0,0,1,1,1,0,1,0,0,0,0,0,0,0,1,2,71.65,71.65,Yes,0.925,71.65
5322,0,0,0,0,38,1,0,1,0,2,2,2,0,0,0,1,1,84.25,3264.5,Yes,0.725,3201.5
2158,0,0,0,0,12,1,0,1,0,0,0,0,0,2,0,0,0,78.1,947.3,Yes,0.79,937.1999999999999
4184,0,0,1,0,19,1,2,1,0,0,2,0,0,2,0,0,3,89.65,1761.05,Yes,0.77,1703.3500000000001
6467,0,0,0,0,10,1,2,1,2,0,0,0,2,2,0,1,2,98.7,973.25,Yes,0.94,987.0
3374,0,0,0,0,23,1,2,1,0,2,0,0,0,0,0,1,2,79.15,1676.95,Yes,0.825,1820.45
6755,1,1,1,0,32,1,2,1,0,0,0,0,0,2,0,1,2,85.0,2642.05,Yes,0.74,2720.0
2464,1,1,1,0,32,1,2,1,0,0,0,0,0,2,0,0,2,85.3,2661.1,Yes,0.735,2729.6
3457,0,0,0,1,31,1,2,1,0,0,0,0,2,0,0,1,1,86.55,2697.4,Yes,0.815,2683.0499999999997
6004,1,0,0,0,19,1,0,1,0,2,0,0,0,0,0,1,1,73.85,1424.5,Yes,0.8,1403.1499999999999
2181,1,1,1,0,57,0,1,0,0,0,0,0,2,2,0,1,2,44.85,2572.95,Yes,0.735,2556.4500000000003
5731,1,1,0,0,1,1,0,0,0,0,0,0,0,0,0,0,2,45.1,45.1,Yes,0.85,45.1
4505,1,0,0,0,24,1,0,1,0,0,0,2,2,2,0,1,2,96.0,2122.45,Yes,0.745,2304.0
425,1,0,0,0,10,1,0,0,0,0,0,0,0,0,0,1,2,45.55,402.6,Yes,0.775,455.5
1708,0,0,1,0,2,0,1,0,0,0,0,0,0,2,0,1,2,35.1,68.75,Yes,0.815,70.2
2560,1,0,0,0,1,1,0,0,0,0,0,0,0,0,0,0,1,46.2,46.2,Yes,0.865,46.2
1103,0,0,0,0,1,1,0,0,0,0,0,0,0,0,0,0,2,45.15,45.15,Yes,0.87,45.15
4752,1,1,0,0,1,0,1,0,0,2,2,0,0,2,0,1,2,43.3,43.3,Yes,0.93,43.3
3134,0,1,0,0,38,1,0,0,2,2,0,0,0,0,0,1,1,57.15,2250.65,Yes,0.745,2171.7
2905,1,0,0,0,52,1,0,1,0,2,0,0,0,2,0,1,2,85.35,4338.6,Yes,0.725,4438.2
5009,0,0,0,0,1,1,0,0,0,0,0,0,0,0,0,0,3,45.95,45.95,Yes,0.85,45.95
2433,1,0,0,0,1,1,0,1,0,0,0,0,0,0,0,1,2,70.05,70.05,Yes,0.94,70.05
4578,1,0,0,0,2,1,2,1,0,0,0,0,0,2,0,1,2,86.0,165.45,Yes,0.955,172.0
2934,0,1,0,0,1,1,0,0,0,0,0,0,0,0,0,0,3,45.1,45.1,Yes,0.855,45.1
4739,0,1,0,0,5,1,0,1,0,0,0,0,0,2,0,0,2,78.95,378.4,Yes,0.84,394.75
2187,1,0,0,0,56,1,2,1,0,2,0,2,0,2,0,1,2,94.45,5124.6,Yes,0.705,5289.2
3307,0,0,0,0,44,1,2,1,0,2,2,0,0,0,0,1,0,84.8,3862.55,Yes,0.76,3731.2
2766,1,0,0,0,1,1,0,0,0,0,2,0,0,0,0,0,3,50.9,50.9,Yes,0.91,50.9
3175,1,0,1,1,47,1,2,1,0,0,2,2,2,2,0,1,0,107.35,5118.95,Yes,0.85,5045.45
3192,0,0,0,0,3,1,0,1,2,2,0,0,0,0,0,1,2,79.1,246.5,Yes,0.77,237.29999999999998
283,1,0,0,1,8,0,1,0,0,0,0,0,0,0,0,0,3,25.5,215.2,Yes,0.75,204.0
5802,0,0,0,0,2,1,0,1,0,0,0,0,0,2,0,0,2,80.75,159.45,Yes,0.925,161.5
6759,1,0,1,0,65,1,2,1,0,2,0,0,2,0,0,1,0,91.85,5940.85,Yes,0.725,5970.25
3556,1,0,0,1,1,1,0,1,0,2,0,0,0,0,0,1,2,75.35,75.35,Yes,0.93,75.35
4115,1,0,0,0,1,1,2,1,0,0,0,0,0,0,0,1,2,75.45,75.45,Yes,0.955,75.45
3863,0,0,1,0,7,1,0,1,0,0,0,0,2,0,0,1,2,81.1,576.65,Yes,0.945,567.6999999999999
694,1,0,1,0,11,1,2,1,0,0,0,0,0,0,0,1,2,74.95,825.7,Yes,0.865,824.45
6670,1,1,0,0,1,1,2,1,0,0,0,0,2,2,0,1,2,93.55,93.55,Yes,1.0,93.55
226,0,0,1,0,58,1,2,1,0,0,2,2,2,2,0,1,1,102.1,5885.4,Yes,0.725,5921.799999999999
3047,0,0,1,1,14,1,2,1,0,2,0,0,0,2,0,1,0,90.9,1259,Yes,0.815,1272.6000000000001
2390,1,1,1,0,58,1,2,1,2,2,2,0,2,2,1,1,2,108.85,6287.25,Yes,0.82,6313.299999999999
3137,0,1,0,0,16,1,2,1,0,0,0,0,2,0,0,1,2,84.75,1350.15,Yes,0.91,1356.0
6916,0,0,1,1,1,1,0,0,0,0,0,0,0,0,0,1,2,45.7,45.7,Yes,0.83,45.7
5667,0,1,0,0,1,1,0,1,0,0,0,0,0,0,0,1,2,69.95,69.95,Yes,0.93,69.95
5395,0,0,1,0,2,0,1,0,0,0,0,0,2,2,0,0,2,44.6,97.1,Yes,0.82,89.2
995,0,0,0,0,57,1,0,1,0,0,2,0,2,2,2,1,2,95.25,5464.65,Yes,0.71,5429.25
6034,1,0,0,0,24,1,2,1,0,0,2,0,2,0,0,1,3,89.85,2165.05,Yes,0.755,2156.3999999999996
131,1,0,0,0,5,1,2,0,0,0,0,0,0,0,0,0,2,47.15,223.15,Yes,0.87,235.75
5737,1,0,0,0,2,1,0,1,0,0,0,0,0,2,0,1,2,80.2,181.1,Yes,0.88,160.4
6622,0,0,0,1,4,1,2,1,0,0,2,2,0,0,0,1,3,87.1,341.45,Yes,0.885,348.4
2139,1,0,0,0,5,1,2,1,0,0,0,0,0,0,0,1,0,75.9,357.75,Yes,0.925,379.5
6251,0,0,0,0,10,1,2,1,0,0,0,0,0,2,0,0,2,86.45,830.85,Yes,0.79,864.5
5017,0,0,0,0,1,1,0,0,0,0,0,0,0,0,0,1,3,45.3,45.3,Yes,0.76,45.3
3351,0,1,1,0,5,1,2,1,0,2,0,0,0,0,0,1,2,81.0,371.65,Yes,0.92,405.0
2635,0,0,1,0,15,1,0,1,0,0,0,0,2,2,0,0,2,88.15,1390.6,Yes,0.835,1322.25
5888,1,0,0,0,1,1,0,2,1,1,1,1,1,1,0,1,3,20.2,20.2,Yes,0.8940952380952382,20.2
6468,0,0,1,1,26,1,0,1,0,0,0,0,2,2,0,1,2,90.8,2361.8,Yes,0.755,2360.7999999999997
7009,1,1,0,0,21,1,0,1,0,0,2,0,2,2,0,1,0,96.8,2030.3,Yes,0.81,2032.8
4369,1,0,1,0,47,1,2,1,0,2,2,0,0,0,0,1,0,83.35,4065,Yes,0.765,3917.45
6841,0,0,0,0,2,1,2,0,0,0,0,0,0,0,0,1,2,49.4,106.55,Yes,0.775,98.8
1480,0,0,1,0,22,1,2,0,2,0,0,2,2,2,0,1,2,79.2,1742.75,Yes,0.725,1742.4
3493,1,0,1,1,7,1,0,0,0,0,2,0,0,0,0,0,2,48.7,340.25,Yes,0.77,340.90000000000003
4499,0,0,0,0,1,1,0,1,2,0,0,0,2,2,0,1,2,95.6,95.6,Yes,0.94,95.6
6074,0,0,0,0,49,1,2,0,2,2,0,0,0,0,0,1,1,59.75,2934.3,Yes,0.71,2927.75
4375,0,1,0,0,43,1,0,1,2,2,0,2,2,2,0,1,1,108.15,4600.7,Yes,0.76,4650.45
2215,0,0,0,0,1,1,0,1,0,0,0,0,0,0,0,0,2,71.35,71.35,Yes,0.81,71.35
3446,0,0,0,0,1,1,0,2,1,1,1,1,1,1,0,1,3,20.15,20.15,Yes,0.97,20.15
734,1,0,0,1,1,1,0,1,0,0,0,0,0,0,0,0,0,69.75,69.75,Yes,0.91,69.75
5881,0,1,1,0,32,1,2,1,0,0,0,0,2,2,0,1,2,93.2,2931,Yes,0.89,2982.4
2675,0,0,0,0,4,0,1,0,2,2,0,0,0,0,0,1,2,33.65,137.85,Yes,0.8,134.6
6539,1,0,0,0,1,1,0,1,0,0,0,0,2,0,0,1,2,79.95,79.95,Yes,0.97,79.95
1457,0,0,1,0,37,1,2,1,2,0,2,2,0,2,1,1,2,99.2,3754.6,Yes,0.715,3670.4
2169,0,0,1,0,8,1,2,1,0,0,0,0,0,2,0,1,1,85.2,627.4,Yes,0.895,681.6
629,0,0,0,0,3,1,2,1,0,0,0,0,0,0,0,0,2,75.25,242,Yes,0.815,225.75
3030,1,0,0,0,1,1,2,0,0,0,2,0,0,0,0,0,2,54.35,54.35,Yes,0.845,54.35
5531,1,0,1,0,5,0,1,0,0,0,0,0,0,0,0,1,2,24.95,100.4,Yes,0.755,124.75
6880,1,0,0,0,1,1,2,1,0,0,0,0,0,0,0,1,2,75.3,75.3,Yes,0.95,75.3
5707,0,1,0,0,1,1,0,1,0,0,0,0,0,0,0,1,2,70.55,70.55,Yes,0.78,70.55
2103,0,0,1,1,33,1,2,1,0,0,0,0,0,2,0,0,1,86.15,2745.7,Yes,0.76,2842.9500000000003
1884,0,0,0,0,2,1,0,1,0,0,0,0,0,2,0,0,2,80.55,184.1,Yes,0.86,161.1
3641,0,0,0,0,2,1,0,1,0,0,2,0,0,0,0,1,2,75.8,160.75,Yes,0.72,151.6
2824,1,1,1,0,29,1,2,1,0,0,2,0,2,2,0,1,2,98.5,3004.15,Yes,0.9,2856.5
6387,1,1,1,0,13,1,2,1,0,0,0,0,2,2,0,1,2,95.25,1233.65,Yes,0.865,1238.25
5615,0,0,0,0,30,1,0,1,0,0,0,2,2,0,0,0,2,85.15,2555.9,Yes,0.735,2554.5
3279,0,1,0,0,2,1,2,1,0,0,2,0,0,2,0,1,2,88.55,179.25,Yes,0.955,177.1
5397,1,0,1,1,24,1,2,0,2,0,0,0,0,0,0,0,2,54.75,1338.15,Yes,0.705,1314.0
2798,0,1,0,0,1,1,0,1,0,0,0,0,2,2,0,1,2,91.3,91.3,Yes,0.985,91.3
1723,1,0,0,0,1,1,0,1,0,0,0,0,2,0,0,1,2,79.5,79.5,Yes,0.995,79.5
4190,1,1,1,0,7,1,0,1,0,0,0,0,0,0,0,1,3,70.1,467.55,Yes,0.775,490.69999999999993
2985,0,0,1,0,7,1,0,1,0,0,2,0,2,0,0,1,2,86.25,587.1,Yes,0.96,603.75
5116,0,1,1,0,1,1,2,1,0,0,2,0,2,2,0,1,2,100.8,100.8,Yes,0.965,100.8
5911,0,0,0,0,14,1,0,1,0,2,0,0,0,2,0,1,2,86.3,1180.95,Yes,0.705,1208.2
5800,0,0,0,0,28,1,2,1,0,2,0,0,0,2,0,1,2,89.95,2625.55,Yes,0.85,2518.6
1735,1,1,1,0,17,1,0,1,0,2,0,0,0,0,0,1,2,76.45,1233.4,Yes,0.775,1299.65
5099,0,0,1,1,1,1,2,1,2,0,2,0,2,2,0,1,2,102.45,102.45,Yes,0.785,102.45
4392,0,0,0,0,3,1,0,1,0,0,2,2,0,0,0,0,1,80.1,217.55,Yes,0.865,240.29999999999998
3149,0,0,0,0,2,1,0,1,0,0,0,0,2,0,0,1,2,80.2,146.05,Yes,0.96,160.4
1717,0,0,0,0,6,1,0,1,2,2,2,2,0,2,0,1,0,98.15,567.45,Yes,0.85,588.9000000000001
1087,1,0,0,0,12,1,2,1,0,2,2,2,2,2,0,1,3,112.95,1384.75,Yes,0.805,1355.4
93,0,0,0,0,1,1,0,1,0,0,0,0,0,0,0,0,3,70.9,70.9,Yes,0.995,70.9
2903,0,1,0,0,3,1,0,1,0,0,2,0,2,0,0,1,2,86.85,220.95,Yes,0.95,260.54999999999995
205,1,0,1,1,23,1,0,1,2,0,0,2,2,2,0,1,2,99.85,2331.3,Yes,0.79,2296.5499999999997
5098,1,0,1,1,1,1,2,1,0,0,0,0,0,0,0,1,2,74.5,74.5,Yes,0.905,74.5
2492,1,0,0,0,65,1,2,1,0,2,2,2,2,2,0,1,2,109.15,6941.2,Yes,0.705,7094.75
6738,0,0,0,0,16,1,2,0,0,0,2,0,0,2,0,1,1,65.2,1043.35,Yes,0.775,1043.2
4346,1,0,0,0,1,1,0,1,0,0,0,0,0,0,0,1,3,71.55,71.55,Yes,0.945,71.55
3853,1,1,1,0,69,1,2,1,0,2,2,2,2,2,2,1,0,108.4,7318.2,Yes,0.72,7479.6
5291,0,0,0,0,4,1,2,1,0,0,0,0,2,0,0,1,2,85.65,321.65,Yes,0.895,342.6
1830,1,0,0,0,1,0,1,0,0,0,0,0,0,0,0,1,2,25.15,25.15,Yes,0.91,25.15
2713,0,0,1,0,54,1,2,1,0,2,2,2,2,2,1,0,2,110.35,5893.15,Yes,0.715,5958.9
3369,0,0,1,0,8,1,2,1,0,0,0,2,0,2,0,1,2,90.25,743.75,No,0.75,722.0
5226,1,0,0,0,2,1,0,0,2,0,0,0,0,0,0,1,2,47.8,92.45,Yes,0.855,95.6
6311,0,0,0,0,29,1,2,1,0,0,2,0,2,2,0,1,1,98.6,2933.2,Yes,0.735,2859.3999999999996
1903,0,1,1,0,15,1,2,1,0,0,2,2,0,0,0,1,2,83.05,1258.3,Yes,0.82,1245.75
3207,0,1,0,0,56,1,2,1,0,2,2,0,2,2,1,1,0,104.75,5510.65,Yes,0.71,5866.0
2867,0,1,0,0,21,1,2,1,0,0,0,0,2,2,0,1,2,94.25,1973.75,Yes,0.795,1979.25
3589,0,0,0,1,1,1,0,0,0,0,0,0,0,0,0,0,3,45.95,45.95,Yes,0.72,45.95
1247,0,1,0,0,1,1,0,1,0,0,0,0,0,0,0,1,2,70.15,70.15,Yes,0.77,70.15
142,0,0,0,0,1,1,0,1,0,0,2,0,2,0,0,1,1,85.55,85.55,Yes,0.86,85.55
1995,0,0,1,0,35,1,0,1,0,0,0,0,0,0,0,1,2,70.3,2416.55,Yes,0.83,2460.5
2639,1,1,1,0,32,1,2,1,0,2,2,0,2,2,0,0,0,106.35,3520.75,Yes,0.78,3403.2
3616,0,0,1,1,33,1,2,1,2,0,2,0,2,2,1,1,3,103.7,3467,Yes,0.73,3422.1
2607,1,0,0,0,1,1,0,1,0,0,0,0,2,2,0,1,2,88.35,88.35,Yes,0.84,88.35
2029,0,0,1,1,8,1,0,1,0,0,2,0,2,2,0,1,2,94.2,777.3,Yes,0.775,753.6
5332,0,0,0,0,5,1,0,1,0,2,0,0,2,2,0,1,2,96.25,512.45,Yes,0.965,481.25
6234,0,0,1,0,2,1,0,1,0,0,0,0,0,0,0,1,2,70.7,141.45,Yes,0.745,141.4
6965,0,1,1,1,40,1,2,1,0,0,0,0,2,2,0,1,1,94.55,3640.45,Yes,0.81,3782.0
5568,1,0,0,0,1,0,1,0,0,0,0,0,0,2,0,0,2,35.9,35.9,Yes,0.935,35.9
1727,1,0,0,1,38,1,2,1,0,0,2,0,2,2,0,1,0,99.25,3777.15,Yes,0.785,3771.5
5866,1,1,0,0,2,0,1,0,0,0,0,0,0,0,0,1,3,24.45,47.5,Yes,0.885,48.9
5031,0,0,0,0,8,1,2,1,2,0,0,2,2,2,0,1,0,103.35,847.3,Yes,0.875,826.8
6373,0,1,0,0,2,1,0,1,0,0,0,0,2,0,0,0,3,81.5,162.55,No,0.78,163.0
1496,1,1,0,0,7,1,2,1,0,0,0,0,2,0,0,1,2,84.8,546.95,Yes,0.915,593.6
863,0,1,0,0,31,1,2,1,0,2,0,0,2,2,0,1,2,99.95,3186.65,Yes,0.885,3098.4500000000003
6664,0,0,0,0,18,1,2,1,0,2,0,0,2,0,0,1,1,90.0,1527.35,Yes,0.865,1620.0
6489,0,1,0,0,14,1,2,1,0,2,2,0,2,2,0,1,2,104.85,1531.4,Yes,0.73,1467.8999999999999
4169,1,1,0,0,15,1,2,1,0,0,0,0,0,0,0,1,1,74.2,1133.9,Yes,0.82,1113.0
5997,0,0,0,0,5,1,0,1,0,2,0,2,0,2,0,1,2,89.35,461.7,Yes,0.865,446.75
1785,0,0,0,0,1,1,2,1,0,0,0,0,0,0,0,1,2,77.15,77.15,Yes,0.925,77.15
1182,1,0,0,0,1,0,1,0,0,0,0,0,0,2,0,1,0,35.25,35.25,Yes,0.875,35.25
1803,1,0,1,0,4,0,1,0,0,2,0,0,2,2,0,1,2,48.55,201,Yes,0.83,194.2
909,0,0,1,0,53,1,2,1,0,2,0,0,2,2,0,1,1,98.4,5149.5,Yes,0.715,5215.200000000001
268,1,1,1,0,59,1,2,1,0,0,0,0,2,2,0,1,0,93.85,5574.75,Yes,0.72,5537.15
5420,1,1,1,1,46,1,2,1,2,2,2,0,2,0,0,1,2,100.7,4541.2,Yes,0.73,4632.2
6981,0,0,0,0,14,1,2,1,0,0,2,0,0,0,0,1,2,80.45,1072,Yes,0.88,1126.3
6481,1,0,1,0,13,0,1,0,2,0,0,2,2,2,0,1,2,54.45,706.85,Yes,0.75,707.85
6071,0,0,1,0,6,1,2,1,0,2,0,0,0,2,0,1,2,90.75,512.25,No,0.925,544.5
1094,1,0,0,0,35,1,2,1,0,0,0,0,0,0,0,0,1,75.35,2636.05,Yes,0.82,2637.25
5969,1,0,0,0,2,1,0,1,2,0,0,0,0,0,0,1,2,75.7,189.2,Yes,0.72,151.4
2588,1,0,0,0,1,1,2,1,0,0,0,0,0,0,0,1,3,74.25,74.25,Yes,0.875,74.25
6296,0,1,0,0,25,1,2,1,0,2,0,0,0,2,0,1,2,89.7,2187.55,Yes,0.885,2242.5
5855,0,1,0,0,16,1,2,1,0,0,0,0,2,2,0,1,2,96.4,1581.2,Yes,0.77,1542.4
3670,1,1,0,0,1,1,0,1,0,0,0,0,0,0,0,1,0,69.5,69.5,Yes,0.825,69.5
6300,0,0,0,0,9,1,2,1,0,0,0,0,0,2,0,1,2,83.3,803.3,Yes,0.915,749.6999999999999
2977,0,0,0,0,8,1,0,1,0,0,0,0,2,0,0,1,0,80.1,679.3,Yes,0.82,640.8
5797,1,0,0,0,46,1,2,1,2,2,0,0,0,2,0,1,2,93.7,4154.8,Yes,0.725,4310.2
3607,1,1,0,0,25,1,2,1,0,2,2,0,2,2,0,0,3,105.95,2655.25,Yes,0.915,2648.75
276,1,0,1,0,60,1,2,1,0,2,2,0,2,0,0,1,2,95.75,5742.9,Yes,0.765,5745.0
6750,1,0,1,0,30,1,2,1,0,0,0,0,2,2,0,1,1,94.05,2866.45,Yes,0.795,2821.5
2847,0,0,0,0,1,1,0,0,0,0,0,0,0,2,0,1,3,54.75,54.75,Yes,0.87,54.75
2282,1,1,0,0,39,1,2,1,0,0,0,0,2,2,0,1,0,95.65,3759.05,Yes,0.87,3730.3500000000004
3456,0,0,0,0,1,1,2,1,0,0,0,0,2,2,0,1,2,94.6,94.6,Yes,0.985,94.6
228,0,1,1,1,31,1,0,1,0,0,2,2,2,2,0,1,2,98.9,2911.3,Yes,0.855,3065.9
5356,1,1,0,0,3,1,2,1,0,0,0,0,0,0,0,1,2,76.05,231.8,Yes,0.94,228.14999999999998
3926,1,1,0,0,1,1,0,1,0,0,0,0,0,0,0,1,2,69.75,69.75,Yes,0.95,69.75
3093,1,0,1,0,61,1,2,1,0,2,2,0,2,2,0,1,2,105.55,6281.45,Yes,0.79,6438.55
86,0,0,0,0,1,1,2,1,0,2,0,0,0,0,0,1,3,80.2,80.2,Yes,0.77,80.2
5366,1,0,1,1,6,1,0,0,0,0,0,0,0,0,0,1,0,44.6,260.8,Yes,0.72,267.6
3194,0,0,0,0,1,1,0,2,1,1,1,1,1,1,0,1,3,19.6,19.6,Yes,0.7025,19.6
3540,1,0,0,0,2,1,0,1,0,0,0,0,0,0,0,0,1,70.7,140.7,Yes,0.775,141.4
4861,1,1,1,0,7,1,2,1,0,0,2,0,2,2,0,1,2,99.25,665.45,Yes,0.975,694.75
4873,1,0,1,0,1,1,0,1,0,0,0,2,2,0,0,1,2,84.8,84.8,Yes,0.9,84.8
1669,1,0,0,0,22,1,2,0,2,0,0,0,0,0,0,1,2,54.45,1127.35,Yes,0.705,1197.9
2475,0,0,0,0,33,1,2,1,0,0,0,0,0,2,0,1,2,83.35,2757.85,Yes,0.855,2750.5499999999997
1350,1,0,0,0,18,0,1,0,0,2,2,0,0,0,0,1,1,33.5,600,Yes,0.73,603.0
1878,1,0,1,0,1,1,0,1,0,0,0,0,2,2,0,1,2,90.75,90.75,Yes,0.95,90.75
5917,1,0,0,0,2,0,1,0,0,0,2,0,2,2,0,1,2,49.25,90.35,Yes,0.945,98.5
3250,0,0,0,0,19,1,2,1,2,2,0,0,0,2,0,1,2,95.15,1789.25,Yes,0.875,1807.8500000000001
1784,0,0,0,0,4,1,0,1,0,0,0,0,0,0,0,1,1,70.05,266.9,Yes,0.89,280.2
5208,1,0,1,0,4,1,2,1,0,0,0,0,0,0,0,1,2,74.65,301.4,Yes,0.945,298.6
6640,1,0,0,0,4,1,2,0,0,0,0,0,0,0,0,0,3,50.4,206.6,Yes,0.815,201.6
1077,1,0,1,0,5,1,2,1,0,2,0,0,0,0,0,1,2,78.75,412.1,Yes,0.975,393.75
1648,1,1,1,1,8,1,0,1,0,0,0,0,2,0,0,1,1,80.45,583.45,Yes,0.84,643.6
3325,0,0,0,0,1,1,2,0,0,0,0,0,0,0,0,1,3,50.1,50.1,Yes,0.735,50.1
5375,1,0,1,0,2,1,0,1,0,0,2,0,0,0,0,0,2,76.4,151.8,Yes,0.88,152.8
5621,1,0,0,0,3,1,0,1,0,0,2,2,2,2,0,1,2,98.7,293.65,Yes,0.83,296.1
6007,0,1,0,0,13,1,2,1,2,0,0,0,2,2,0,1,2,100.8,1308.1,Yes,0.94,1310.3999999999999
2391,1,0,0,0,15,1,2,0,0,0,0,0,0,0,0,0,2,51.55,765.5,Yes,0.77,773.25
5841,1,1,0,0,10,1,0,1,0,0,0,0,0,2,0,1,2,79.25,793.55,Yes,0.795,792.5
2357,1,0,0,0,5,1,2,1,0,0,0,0,2,2,0,1,0,94.85,462.8,Yes,0.965,474.25
787,0,0,0,0,2,1,2,1,0,0,0,0,0,2,0,1,2,85.7,169.8,Yes,0.915,171.4
281,0,0,0,0,1,1,0,0,0,0,0,0,0,0,0,0,3,44.4,44.4,Yes,0.76,44.4
1168,1,1,0,0,5,1,0,1,0,0,0,0,2,2,0,1,2,89.5,477.7,Yes,0.94,447.5
3393,1,1,1,0,1,1,2,1,0,0,0,0,2,0,0,1,2,86.05,86.05,Yes,0.94,86.05
4856,0,0,0,0,1,1,2,1,0,0,0,0,2,2,0,0,3,95.65,95.65,Yes,0.88,95.65
3979,0,0,0,0,1,1,0,2,1,1,1,1,1,1,0,0,3,20.95,20.95,Yes,0.832297619047619,20.95
1658,0,1,0,0,10,0,1,0,0,0,0,0,0,2,0,1,2,34.7,329.8,Yes,0.77,347.0
3955,0,0,0,0,15,1,0,2,1,1,1,1,1,1,0,0,0,19.75,297.3,Yes,0.78,296.25
4314,1,0,1,1,17,1,2,1,0,0,0,0,2,2,0,1,2,92.55,1515.1,Yes,0.825,1573.35
1852,1,0,0,0,9,1,2,1,0,0,0,0,2,0,0,1,2,85.35,758.6,Yes,0.725,768.15
5175,0,0,0,1,4,1,0,1,0,0,2,2,2,2,0,1,0,98.1,396.3,Yes,0.875,392.4
487,0,1,0,0,9,1,2,1,0,0,0,0,0,0,0,1,2,74.55,622.9,Yes,0.78,670.9499999999999
4267,1,0,0,0,3,1,2,1,0,0,2,0,2,2,0,1,2,100.95,329.95,Yes,0.945,302.85
2087,1,1,1,0,32,1,2,1,0,0,2,2,2,2,0,1,2,104.9,3351.55,Yes,0.805,3356.8
4354,1,0,1,0,9,0,1,0,0,0,0,0,0,0,1,0,0,24.1,259.8,Yes,0.73,216.9
526,1,0,0,0,3,1,0,1,0,0,2,2,2,0,0,1,3,88.35,262.05,Yes,0.935,265.04999999999995
3401,1,0,1,1,29,1,0,1,2,0,0,0,2,2,0,0,1,94.65,2649.15,Yes,0.765,2744.8500000000004
2871,1,1,1,0,1,1,2,1,0,0,0,0,0,0,0,1,2,74.4,74.4,Yes,0.95,74.4
1683,0,1,1,0,12,1,2,1,0,2,2,0,2,0,0,1,2,98.1,1060.2,Yes,0.935,1177.1999999999998
1345,0,0,0,0,1,1,0,2,1,1,1,1,1,1,0,0,3,20.5,20.5,Yes,0.7461507936507936,20.5
1551,0,1,1,0,4,1,2,1,2,0,0,0,2,2,0,1,2,99.6,347.65,Yes,0.875,398.4
1347,0,0,0,0,1,1,0,1,0,0,0,0,0,2,0,1,2,81.95,81.95,Yes,0.995,81.95
3537,1,0,1,0,7,1,0,1,0,0,0,0,0,0,0,1,2,69.35,451.1,Yes,0.745,485.44999999999993
1831,0,0,0,0,6,1,0,1,0,0,0,0,2,2,0,1,2,91.1,455.3,Yes,0.94,546.5999999999999
5306,1,0,1,0,14,1,2,1,0,0,0,0,2,0,0,1,2,86.1,1235.55,Yes,0.88,1205.3999999999999
92,1,0,0,0,25,1,2,1,0,0,0,0,2,2,0,1,0,94.7,2362.1,Yes,0.8,2367.5
7028,1,0,1,0,22,1,2,1,0,0,0,0,0,2,0,1,2,85.1,1873.7,Yes,0.795,1872.1999999999998
3166,1,1,1,0,70,1,2,1,0,2,2,0,2,2,0,1,2,102.95,7101.5,Yes,0.825,7206.5
4032,1,0,0,0,1,1,0,0,0,0,0,0,0,0,0,1,3,45.05,45.05,Yes,0.75,45.05
5250,0,1,0,1,1,1,0,1,0,0,0,0,0,0,0,1,2,71.0,71,Yes,0.81,71.0
335,0,0,0,0,1,1,0,1,0,0,0,0,0,2,0,1,2,79.7,79.7,Yes,1.0,79.7
464,0,1,1,1,1,1,0,1,0,0,0,0,0,0,0,1,2,69.25,69.25,Yes,0.935,69.25
5514,1,0,1,0,18,1,2,1,2,0,0,0,2,2,0,1,2,99.4,1742.95,Yes,0.85,1789.2
379,1,0,0,0,9,1,2,1,0,0,0,0,2,2,0,1,2,95.5,829.1,Yes,0.93,859.5
982,1,0,0,0,11,1,0,1,0,2,0,0,0,0,0,1,2,74.55,824.75,Yes,0.855,820.05
3929,1,0,0,0,1,1,0,1,0,0,0,0,0,0,0,1,2,69.9,69.9,No,0.99,69.9
6213,1,1,0,0,12,1,0,1,0,2,2,2,0,0,0,1,3,83.8,1029.75,Yes,0.83,1005.5999999999999
4465,1,1,0,0,53,0,1,0,0,2,2,0,2,2,0,1,2,54.45,2854.55,Yes,0.725,2885.8500000000004
1962,1,1,1,0,41,1,2,1,0,0,2,0,2,2,0,1,2,99.8,4259.3,Yes,0.845,4091.7999999999997
1537,0,0,1,1,20,1,2,1,0,2,2,0,2,2,0,1,0,105.85,2239.65,Yes,0.795,2117.0
5253,0,0,0,0,7,1,2,1,0,0,0,0,0,0,0,0,3,75.45,480.75,Yes,0.74,528.15
3218,1,0,0,0,7,1,2,1,0,0,0,0,2,2,0,1,2,93.85,635.6,Yes,0.905,656.9499999999999
3959,1,0,0,0,22,1,2,1,2,0,0,0,2,2,0,1,2,100.75,2095,Yes,0.805,2216.5
1092,1,0,0,0,51,1,2,1,0,0,2,0,0,0,0,0,1,80.0,4242.35,Yes,0.715,4080.0
1937,1,1,0,0,5,1,0,1,0,0,0,0,0,0,0,1,3,70.25,331.9,Yes,0.74,351.25
401,0,0,1,1,62,1,0,1,0,2,2,0,2,2,0,1,2,100.15,6283.3,Yes,0.745,6209.3
1025,1,0,0,0,28,1,2,1,2,2,0,0,0,2,0,1,1,94.5,2659.4,Yes,0.74,2646.0
1270,1,1,1,0,69,1,2,1,0,2,0,0,2,0,0,1,2,89.95,6143.15,Yes,0.78,6206.55
5393,1,0,0,0,12,1,2,1,0,0,0,0,2,0,0,1,2,84.45,1059.55,Yes,0.85,1013.4000000000001
1808,1,0,0,1,27,1,2,1,0,0,0,2,0,0,0,1,2,79.5,2180.55,Yes,0.82,2146.5
2672,1,0,1,1,1,1,0,1,0,0,0,0,2,2,0,0,3,89.15,89.15,Yes,0.84,89.15
6808,1,1,0,0,14,1,2,1,0,0,0,0,0,0,0,1,2,74.95,1036.75,Yes,0.8,1049.3
3117,0,0,0,0,3,1,0,0,0,0,0,0,0,2,0,1,2,55.3,196.15,Yes,0.755,165.89999999999998
4398,0,0,1,1,22,1,0,0,0,2,0,2,0,0,0,0,2,55.15,1206.05,Yes,0.71,1213.3
4332,0,0,1,0,16,1,2,1,0,0,0,0,2,0,0,1,2,84.95,1378.25,Yes,0.88,1359.2
6164,1,0,0,0,5,0,1,0,2,2,2,2,0,0,0,1,3,43.25,219,Yes,0.83,216.25
1194,1,0,0,0,1,1,0,1,0,0,0,0,2,0,0,1,2,79.55,79.55,Yes,0.995,79.55
5053,1,0,0,0,1,1,2,1,0,0,0,0,2,0,0,0,2,84.5,84.5,Yes,0.865,84.5
2566,0,1,0,0,2,0,1,0,0,0,2,0,0,0,0,1,2,30.4,78.65,Yes,0.815,60.8
416,1,0,0,1,49,1,2,1,0,0,0,0,0,0,0,0,1,75.2,3678.3,Yes,0.75,3684.8
1972,0,0,0,1,17,1,2,0,0,0,2,0,0,0,1,1,3,55.85,937.5,Yes,0.705,949.45
5760,1,1,0,0,23,1,2,1,0,2,2,0,2,2,0,1,2,106.4,2483.5,Yes,0.915,2447.2000000000003
1134,0,0,0,0,37,1,2,1,0,0,2,0,2,2,0,1,2,100.05,3810.55,No,0.77,3701.85
3738,0,1,0,0,2,1,2,1,0,0,0,0,2,0,0,1,2,85.55,187.45,Yes,0.95,171.1
4516,1,0,0,0,4,1,0,1,0,0,0,0,2,0,0,0,2,77.85,299.2,Yes,0.8,311.4
3555,1,0,0,0,3,1,2,1,0,2,2,0,2,2,0,1,0,105.35,323.25,Yes,0.77,316.04999999999995
4946,0,0,0,0,8,1,2,1,0,0,0,0,2,0,0,1,2,87.05,762.1,Yes,0.715,696.4
2964,1,1,1,0,30,1,0,1,0,2,2,0,0,0,0,1,3,79.65,2365.15,Yes,0.75,2389.5
352,0,0,0,0,5,1,0,0,2,0,0,2,0,0,0,0,2,54.2,308.25,Yes,0.785,271.0
6470,0,1,0,0,1,1,0,2,1,1,1,1,1,1,0,1,2,19.45,19.45,Yes,0.845,19.45
3385,0,0,0,0,13,1,2,1,0,2,2,0,0,0,0,1,2,84.45,1058.6,Yes,0.945,1097.8500000000001
3760,0,1,1,0,32,1,2,1,0,0,0,0,2,0,0,1,1,85.95,2628.6,Yes,0.775,2750.4
6117,0,1,0,0,16,1,0,0,0,0,0,2,2,0,0,0,2,59.4,1023.9,Yes,0.795,950.4
988,0,0,0,0,29,0,1,0,0,2,0,0,0,0,0,1,2,30.6,856.35,Yes,0.73,887.4000000000001
3360,0,1,0,0,38,1,2,1,0,0,0,2,2,2,0,1,2,99.55,3734.25,Yes,0.74,3782.9
2722,0,0,0,0,17,1,0,1,0,0,0,0,0,0,0,1,2,70.0,1144.5,Yes,0.715,1190.0
3576,0,0,0,0,1,1,0,0,0,0,0,0,0,0,0,1,2,45.3,45.3,Yes,0.885,45.3
786,1,0,0,0,2,0,1,0,0,0,0,2,0,0,0,0,0,29.85,75.6,Yes,0.735,59.7
3994,1,1,0,0,2,1,0,1,0,2,2,2,0,2,0,1,1,95.1,180.25,Yes,0.805,190.2
2019,0,0,0,0,4,1,0,1,0,2,0,0,0,0,0,1,0,76.65,333.6,Yes,0.705,306.6
2959,0,0,1,1,5,1,0,1,0,2,0,2,2,2,0,1,3,99.15,465.05,Yes,0.865,495.75
2108,1,0,0,0,9,1,0,0,0,0,0,0,0,0,0,0,3,44.95,431,Yes,0.805,404.55
3632,1,1,0,0,3,1,2,1,0,0,0,0,2,2,0,1,2,94.85,335.75,No,0.945,284.54999999999995
5235,1,1,1,0,17,1,0,1,0,0,0,0,0,2,0,0,0,81.5,1329.2,Yes,0.785,1385.5
1956,1,0,1,0,52,1,0,1,2,0,0,0,2,0,0,0,2,84.1,4348.65,Yes,0.775,4373.2
5592,1,1,1,0,3,0,1,0,0,0,0,0,2,0,0,1,3,36.45,93.7,Yes,0.87,109.35000000000001
6969,0,1,0,0,1,0,1,0,0,0,0,0,0,0,0,0,3,25.05,25.05,Yes,0.92,25.05
398,0,0,0,0,8,1,0,0,2,0,0,0,0,0,0,1,2,49.85,365.55,Yes,0.755,398.8
608,1,0,1,0,54,1,2,1,0,2,2,0,2,2,0,1,2,104.3,5278.15,Yes,0.77,5632.2
5778,0,0,0,0,1,1,2,1,0,0,0,0,2,2,0,1,2,93.85,93.85,Yes,0.985,93.85
5146,0,0,1,1,1,1,0,0,0,0,2,0,0,0,0,0,3,50.45,50.45,Yes,0.725,50.45
2819,0,0,0,0,7,1,2,0,0,0,0,2,2,2,0,1,2,74.65,521.1,Yes,0.815,522.5500000000001
3911,0,0,0,0,12,1,2,1,0,0,0,0,2,2,0,1,2,94.2,1046.1,Yes,0.87,1130.4
632,1,1,1,0,4,0,1,0,0,0,2,0,0,0,0,1,2,29.9,118.25,No,0.795,119.6
2194,1,0,0,0,1,1,0,2,1,1,1,1,1,1,0,0,3,20.1,20.1,Yes,0.8601666666666666,20.1
6215,1,0,0,0,3,1,0,0,0,0,0,0,2,0,0,0,3,55.15,159.15,Yes,0.745,165.45
5512,1,1,1,0,10,1,2,1,0,0,0,0,0,2,0,1,2,86.65,856.65,Yes,0.955,866.5
2922,1,0,0,0,31,1,0,1,0,2,0,2,0,0,0,1,2,78.45,2435.15,Yes,0.735,2431.9500000000003
3899,0,0,1,1,34,1,2,1,0,0,2,0,2,0,0,0,2,87.45,2874.15,Yes,0.765,2973.3
6834,1,0,1,1,29,1,0,1,0,0,0,0,0,0,0,1,2,70.75,1974.8,Yes,0.775,2051.75
2737,1,1,1,0,12,1,2,1,0,2,0,0,2,2,0,1,2,101.35,1218.55,Yes,0.965,1216.1999999999998
4805,1,0,0,0,1,1,2,1,2,0,0,0,0,0,0,1,2,81.7,81.7,Yes,0.855,81.7
5049,1,0,0,0,33,1,0,1,0,0,0,0,0,0,0,0,2,68.25,2171.15,Yes,0.765,2252.25
2945,0,0,0,0,4,1,0,1,0,0,0,0,0,2,0,1,2,79.15,317.25,Yes,0.965,316.6
2315,1,1,0,0,35,1,2,1,0,0,0,0,2,2,0,1,2,95.45,3474.05,Yes,0.73,3340.75
736,0,0,1,1,1,1,0,1,0,0,0,0,0,0,0,1,3,69.1,69.1,Yes,0.97,69.1
1802,0,1,0,0,1,1,0,1,0,0,0,0,0,0,0,1,2,69.6,69.6,Yes,1.0,69.6
5519,0,0,0,0,4,1,2,1,0,2,0,0,0,0,0,0,0,77.95,305.55,Yes,0.89,311.8
6955,0,1,0,0,1,1,0,1,0,0,0,0,2,0,0,0,2,78.45,78.45,Yes,0.98,78.45
3526,1,0,0,0,10,0,1,0,0,0,2,0,0,0,0,0,3,29.5,255.25,Yes,0.85,295.0
2712,0,0,0,0,2,1,0,0,2,0,0,0,2,2,0,1,2,70.75,146.9,Yes,0.735,141.5
5711,0,1,0,0,9,1,2,1,0,0,0,0,0,2,0,1,2,84.45,762.5,Yes,0.97,760.0500000000001
478,1,0,0,0,4,1,2,1,0,0,0,0,0,2,0,1,2,85.65,338.9,Yes,0.975,342.6
1121,0,0,0,0,1,1,0,1,0,0,0,0,0,0,0,1,2,70.25,70.25,No,0.885,70.25
5876,1,1,0,0,51,1,2,1,0,0,2,0,2,2,0,1,2,97.8,4913.3,Yes,0.87,4987.8
5367,1,0,0,0,1,1,0,0,0,0,0,0,0,0,0,0,3,46.3,46.3,Yes,0.885,46.3
221,0,0,0,0,41,1,2,1,0,2,2,0,2,2,0,1,2,106.3,4443.45,Yes,0.875,4358.3
1041,0,0,0,0,12,1,0,1,0,0,2,2,0,2,0,1,2,89.4,1095.65,Yes,0.735,1072.8000000000002
4260,0,1,0,0,5,1,2,1,0,0,0,0,2,0,0,1,1,83.15,446.05,Yes,0.84,415.75
4491,1,0,0,0,10,1,2,1,0,0,0,0,0,0,0,1,3,74.15,811.8,Yes,0.805,741.5
612,0,0,1,0,11,1,2,1,0,0,2,0,2,2,0,1,2,99.5,1056.95,Yes,0.975,1094.5
769,0,0,0,0,16,1,0,0,0,2,0,2,0,0,0,1,3,53.9,834.15,Yes,0.735,862.4
6433,0,0,0,0,1,1,2,1,0,0,0,0,0,2,0,1,3,85.45,85.45,Yes,0.98,85.45
1527,0,0,1,1,4,1,2,0,0,0,0,0,0,0,0,0,3,50.85,239.55,Yes,0.76,203.4
472,1,0,0,0,13,1,0,1,0,0,2,0,2,0,0,1,2,83.2,1060.6,Yes,0.8,1081.6000000000001
3913,0,0,1,0,21,1,2,1,2,0,2,0,2,2,0,1,2,103.9,2254.2,Yes,0.89,2181.9
1724,0,1,0,0,2,1,2,1,0,0,0,0,0,0,0,1,3,75.45,158.4,Yes,0.965,150.9
5360,0,1,0,0,2,1,0,0,2,2,0,0,0,0,0,0,3,54.85,104.2,Yes,0.785,109.7
3663,1,1,1,0,1,1,2,1,0,0,0,0,2,2,0,1,2,95.1,95.1,Yes,0.97,95.1
5804,1,0,1,0,6,1,2,1,0,0,0,0,0,0,0,1,2,75.5,438,Yes,0.93,453.0
3191,0,0,1,1,4,1,0,1,0,0,2,0,0,0,0,1,2,73.75,325.45,Yes,0.845,295.0
5318,1,0,0,0,12,1,2,1,0,0,0,0,2,2,0,1,2,96.05,1148.1,Yes,0.945,1152.6
3487,0,0,0,0,4,1,2,1,0,2,0,0,0,2,0,1,2,88.95,355.2,Yes,0.94,355.8
3462,1,0,0,0,3,1,0,0,0,0,0,0,2,0,0,0,1,53.4,188.7,Yes,0.855,160.2
3133,1,0,0,0,1,1,0,1,0,0,0,0,0,0,0,1,2,69.8,69.8,Yes,1.0,69.8
6172,1,1,1,0,51,1,2,1,2,0,2,0,2,0,0,1,0,93.8,4750.95,Yes,0.75,4783.8
1667,1,0,1,0,24,1,2,1,0,0,2,0,2,2,0,1,2,101.05,2391.8,Yes,0.905,2425.2
4210,1,0,1,0,18,1,2,1,0,0,0,0,2,2,0,1,2,94.7,1687.95,Yes,0.77,1704.6000000000001
5163,1,0,0,0,1,1,0,1,0,0,0,0,2,2,0,1,2,90.55,90.55,Yes,0.955,90.55
198,0,0,0,0,26,1,0,1,0,0,0,0,2,2,0,1,0,88.8,2274.35,Yes,0.735,2308.7999999999997
2690,1,0,0,0,7,1,2,1,0,0,0,0,0,2,0,1,3,85.2,602.55,Yes,0.94,596.4
5961,1,1,0,0,5,1,0,1,0,0,0,0,2,2,0,1,2,91.4,449.75,Yes,0.94,457.0
5376,1,0,1,0,42,1,2,1,0,0,2,2,2,2,0,1,0,106.15,4512.7,Yes,0.89,4458.3
5845,0,0,0,0,4,1,0,0,0,0,0,0,0,0,0,1,3,45.3,196.95,Yes,0.87,181.2
4403,1,0,0,0,2,1,2,1,0,0,0,0,0,0,0,1,1,73.25,131.05,Yes,0.835,146.5
5489,1,0,1,1,8,1,0,0,0,0,2,0,0,0,0,1,2,51.05,415.05,Yes,0.8,408.4
3948,0,0,1,1,9,1,2,1,0,0,0,0,2,0,0,1,0,85.35,754.65,Yes,0.88,768.15
3509,1,1,0,0,1,1,2,1,0,0,0,0,0,0,0,1,2,75.35,75.35,Yes,0.99,75.35
5482,1,0,0,0,43,1,0,1,2,0,0,0,0,0,0,1,2,75.2,3198.6,Yes,0.82,3233.6
514,1,0,1,0,70,1,0,1,2,2,2,2,2,2,1,1,0,109.5,7534.65,Yes,0.715,7665.0
3290,0,1,0,0,11,1,2,1,0,0,0,0,0,2,0,1,1,84.8,906.85,Yes,0.77,932.8
6358,1,1,0,0,5,1,0,0,0,0,2,0,0,0,0,0,2,50.35,237.25,Yes,0.785,251.75
2628,1,0,1,0,1,1,2,1,0,0,0,0,0,0,0,1,0,74.6,74.6,Yes,0.92,74.6
1509,1,0,0,0,8,1,0,0,0,0,0,0,0,0,0,1,3,45.15,438.4,Yes,0.705,361.2
4397,0,0,0,0,50,1,2,1,0,0,0,0,2,2,0,1,2,95.7,4729.75,No,0.735,4785.0
659,1,0,0,0,32,1,0,1,0,0,0,2,2,2,0,1,2,96.2,3183.4,Yes,0.75,3078.4
5369,0,0,0,1,1,1,0,1,0,0,0,0,0,2,0,1,2,79.6,79.6,Yes,0.915,79.6
4475,1,0,0,0,20,1,2,1,0,0,0,0,2,0,0,1,2,85.25,1734.5,Yes,0.84,1705.0
4251,1,0,0,0,26,1,2,1,0,0,0,2,0,0,0,1,2,80.5,2088.8,Yes,0.8,2093.0
1110,1,1,0,0,5,1,2,1,0,2,0,0,0,2,0,1,2,89.8,502.6,Yes,0.925,449.0
1136,0,0,1,1,14,1,0,1,0,2,0,2,0,2,0,1,1,89.65,1208.35,Yes,0.76,1255.1000000000001
160,0,0,0,1,9,1,0,0,0,0,2,2,2,2,0,1,3,72.9,651.4,Yes,0.735,656.1
6146,1,0,0,0,5,0,1,0,2,0,2,2,0,0,0,0,3,40.0,223.45,Yes,0.735,200.0
4394,1,1,0,0,9,1,2,1,0,2,0,0,2,2,0,1,1,99.45,919.4,Yes,0.905,895.0500000000001
82,0,0,0,0,2,1,0,1,2,2,0,2,0,0,0,1,2,86.25,181.65,Yes,0.795,172.5
4335,0,0,0,0,1,1,0,0,0,0,0,0,0,0,0,1,2,45.65,45.65,Yes,0.87,45.65
6705,1,0,0,0,8,1,0,1,0,0,0,0,0,0,0,1,3,70.1,551.35,Yes,0.76,560.8
1548,0,1,0,0,2,1,0,1,0,0,0,0,0,0,0,1,0,70.2,115.95,Yes,0.895,140.4
2551,0,0,0,0,3,1,0,0,2,2,0,0,0,0,0,0,2,55.35,165.2,Yes,0.77,166.05
6072,1,1,1,1,51,1,2,1,0,2,2,0,0,0,0,1,2,84.2,4146.05,Yes,0.8,4294.2
1037,1,0,0,0,2,1,0,0,0,0,0,0,0,0,0,0,3,45.85,81,Yes,0.885,91.7
2240,1,0,0,0,39,1,2,1,0,0,0,0,0,0,0,0,2,75.25,3017.65,Yes,0.78,2934.75
1787,0,0,0,0,12,1,2,1,0,0,2,0,2,2,0,1,0,100.15,1164.3,Yes,0.915,1201.8000000000002
4890,1,1,1,1,26,1,2,1,0,2,2,0,2,2,0,0,2,105.75,2710.25,Yes,0.84,2749.5
2331,0,1,1,0,18,0,1,0,0,0,2,0,2,2,0,1,2,48.35,810.7,Yes,0.855,870.3000000000001
2036,0,0,1,1,2,0,1,0,0,0,0,0,0,0,0,1,3,24.4,36.55,Yes,0.77,48.8
1874,0,1,1,0,1,1,0,0,2,0,0,0,0,0,0,1,2,49.55,49.55,Yes,0.835,49.55
1204,1,1,1,0,29,1,2,1,0,2,2,0,0,2,0,1,2,95.9,2745.2,Yes,0.805,2781.1000000000004
412,0,1,0,0,1,0,1,0,0,0,0,0,0,0,0,0,2,25.25,25.25,Yes,0.945,25.25
4538,0,0,0,0,9,1,0,0,0,0,0,0,0,0,0,0,2,45.15,416.45,Yes,0.745,406.34999999999997
3227,0,0,0,0,9,1,0,1,0,0,0,0,2,2,0,1,3,88.4,788.6,No,0.765,795.6
2229,0,0,1,1,50,1,2,1,0,0,0,0,2,0,0,1,0,84.4,4116.15,Yes,0.755,4220.0
6223,0,0,0,0,1,1,2,1,0,0,0,0,0,0,0,1,2,75.1,75.1,Yes,0.89,75.1
1167,1,0,0,0,42,1,2,1,0,2,0,0,2,2,0,1,2,101.75,4273.45,Yes,0.955,4273.5
5548,0,0,0,0,1,1,0,0,0,0,0,0,0,0,0,0,2,45.8,45.8,Yes,0.915,45.8
6854,0,0,0,0,1,1,0,2,1,1,1,1,1,1,0,0,3,20.5,20.5,No,0.7461507936507936,20.5
855,1,0,0,0,1,1,0,2,1,1,1,1,1,1,0,1,3,20.1,20.1,Yes,0.875,20.1
568,1,0,1,0,9,0,1,0,0,0,0,2,2,0,0,0,3,40.65,328.95,Yes,0.765,365.84999999999997
3086,1,1,1,0,46,1,2,1,0,0,2,0,2,2,0,1,2,101.0,4680.05,Yes,0.81,4646.0
2595,1,0,0,0,1,1,0,1,0,0,0,0,0,0,0,1,2,69.1,69.1,Yes,0.995,69.1
4163,0,0,0,0,13,1,2,1,0,0,0,0,0,0,0,1,3,75.0,999.45,Yes,0.83,975.0
6659,0,1,0,0,1,1,0,1,0,0,0,0,0,0,0,1,2,71.15,71.15,Yes,0.75,71.15
2189,0,0,1,0,6,1,0,0,0,0,0,2,0,0,0,1,2,49.15,270.8,Yes,0.81,294.9
1426,1,0,0,0,1,1,2,0,0,0,0,0,0,0,0,0,3,50.75,50.75,No,0.77,50.75
4933,1,1,1,0,46,1,0,1,0,0,0,0,0,2,0,1,2,80.4,3605.2,Yes,0.755,3698.4
4737,0,0,1,0,11,1,2,1,0,2,0,0,2,2,0,1,2,102.0,1145.35,Yes,0.975,1122.0
661,0,0,0,0,1,1,0,1,0,0,0,0,0,0,0,1,3,70.8,70.8,Yes,0.825,70.8
6382,0,0,0,0,3,1,2,1,0,0,0,0,2,2,0,1,2,96.6,291.9,Yes,0.95,289.79999999999995
4804,0,0,1,0,57,1,2,1,0,2,2,0,2,2,0,1,1,104.5,5921.35,Yes,0.715,5956.5
1811,1,0,0,0,7,1,0,1,0,2,0,0,2,2,0,1,2,94.25,669,Yes,0.93,659.75
3364,0,0,1,0,1,1,0,1,0,0,0,0,0,0,0,1,2,68.95,68.95,Yes,0.975,68.95
3079,1,1,0,0,2,1,2,1,0,0,0,0,2,2,0,1,2,93.85,196.75,Yes,0.975,187.7
5976,1,0,0,0,4,1,2,1,0,0,0,0,0,0,0,1,2,76.05,318.9,Yes,0.87,304.2
6443,1,0,0,0,1,0,1,0,0,0,0,0,0,0,0,1,3,24.45,24.45,Yes,0.785,24.45
5285,1,0,0,0,7,1,2,1,0,0,2,0,2,0,0,1,1,89.35,631.85,Yes,0.93,625.4499999999999
2052,1,0,1,0,4,1,0,1,0,0,0,0,2,0,0,1,2,80.35,307.4,Yes,0.82,321.4
2942,0,1,0,0,1,1,0,0,2,0,2,0,0,0,0,1,2,55.8,55.8,Yes,0.895,55.8
4215,1,0,0,0,1,1,0,1,0,0,0,0,2,0,0,1,2,79.05,79.05,Yes,0.995,79.05
468,1,0,1,0,1,1,0,1,2,0,0,0,2,2,0,1,2,95.0,95,Yes,0.91,95.0
5863,0,0,0,0,1,0,1,0,0,0,0,0,0,0,0,0,3,25.2,25.2,Yes,0.715,25.2
1262,1,1,0,0,41,1,2,1,0,0,2,0,2,2,0,1,2,98.4,4187.75,Yes,0.875,4034.4
3494,1,1,0,0,35,1,2,1,0,0,2,0,2,2,0,1,2,101.4,3496.3,Yes,0.885,3549.0
5912,1,1,1,0,10,1,2,1,0,0,2,0,0,2,0,1,2,89.8,914.3,Yes,0.93,898.0
6066,0,0,0,0,15,1,2,0,0,0,0,0,0,0,0,1,2,49.1,679.55,Yes,0.74,736.5
4172,0,1,0,0,18,1,2,1,0,2,0,2,0,0,0,1,2,85.45,1505.85,Yes,0.86,1538.1000000000001
6092,1,1,0,0,1,1,0,1,0,0,0,0,0,0,0,1,2,71.65,71.65,Yes,0.8,71.65
6075,1,0,1,0,24,1,2,1,0,2,2,0,2,2,0,1,2,104.65,2542.45,Yes,0.86,2511.6000000000004
6541,0,0,0,0,3,1,2,1,0,0,0,0,0,0,0,1,2,74.25,210.3,Yes,0.82,222.75
1235,0,1,0,0,1,1,2,1,0,0,0,0,0,0,0,1,2,74.2,74.2,Yes,0.93,74.2
4344,0,0,1,1,6,1,2,1,0,2,2,0,2,0,0,1,3,94.05,518.75,No,0.77,564.3
5927,1,1,1,0,43,1,2,1,0,2,0,0,2,2,0,1,2,101.0,4388.4,Yes,0.86,4343.0
1817,1,0,1,0,4,1,2,1,0,2,0,0,2,2,0,1,2,100.2,420.2,Yes,0.97,400.8
2831,1,1,1,0,36,1,2,1,0,2,0,0,2,2,0,1,2,96.5,3436.1,Yes,0.735,3474.0
550,1,1,1,0,1,1,0,1,0,0,0,0,0,0,0,0,3,70.85,70.85,Yes,0.9,70.85
3581,0,0,1,0,58,1,2,1,2,2,2,0,2,2,2,1,0,109.45,6144.55,Yes,0.705,6348.1
3378,0,0,0,0,30,1,2,1,0,2,0,0,2,2,0,1,2,100.2,2983.8,Yes,0.75,3006.0
962,0,0,1,1,21,1,0,1,0,2,0,0,0,0,0,1,0,74.05,1565.7,Yes,0.765,1555.05
3755,1,0,0,0,3,1,2,1,0,0,2,0,2,2,0,1,0,101.55,298.35,Yes,0.97,304.65
1653,1,1,1,1,41,1,2,1,0,2,2,2,2,2,1,1,2,111.95,4534.9,Yes,0.785,4589.95
2006,0,0,1,1,21,0,1,0,2,0,2,0,2,2,1,1,2,55.95,1157.05,Yes,0.715,1174.95
5218,1,0,0,0,1,1,0,0,0,0,0,0,0,0,0,0,2,45.75,45.75,Yes,0.94,45.75
3140,0,0,1,0,18,1,2,1,0,0,0,2,2,0,0,1,2,88.85,1594.75,No,0.715,1599.3
3129,1,0,0,0,11,1,0,1,0,2,0,0,0,0,0,0,2,74.95,815.5,Yes,0.71,824.45
4305,0,0,0,0,1,1,0,1,0,0,0,0,0,2,0,0,1,80.15,80.15,Yes,0.98,80.15
2724,0,0,1,0,72,1,2,1,0,2,2,2,2,2,1,1,2,109.25,8109.8,Yes,0.72,7866.0
4513,0,0,1,0,1,1,0,1,0,0,0,0,2,0,0,0,2,78.8,78.8,Yes,0.955,78.8
676,1,0,0,0,18,1,0,0,2,0,0,0,0,0,0,0,2,49.4,874.8,Yes,0.725,889.1999999999999
2715,1,1,0,0,1,1,0,1,0,0,0,0,0,0,0,0,2,69.1,69.1,Yes,0.915,69.1
6355,0,0,0,0,6,1,2,1,0,0,0,0,2,2,0,1,0,93.55,536.4,Yes,0.97,561.3
3736,1,0,0,0,1,1,0,1,0,0,0,0,0,2,0,1,3,80.85,80.85,Yes,0.93,80.85
896,0,1,0,0,2,1,2,1,0,0,2,0,0,0,0,1,2,78.55,149.55,Yes,0.94,157.1
6307,0,0,0,1,1,1,0,1,0,0,0,0,0,2,0,0,2,78.65,78.65,Yes,0.925,78.65
2686,0,0,0,0,3,0,1,0,2,0,0,2,0,0,0,0,3,34.25,139.35,Yes,0.71,102.75
4005,1,1,0,0,49,1,2,1,0,0,0,0,2,2,0,1,2,96.2,4718.25,Yes,0.95,4713.8
3131,0,1,0,0,6,1,0,1,0,0,2,0,0,0,0,0,2,74.4,434.1,Yes,0.795,446.40000000000003
3193,0,0,1,0,6,1,2,1,0,2,2,0,2,2,0,1,2,105.3,545.2,Yes,0.81,631.8
6325,0,1,1,0,7,1,2,1,0,0,0,0,0,2,0,1,2,84.55,646.85,Yes,0.965,591.85
6013,0,0,0,0,25,1,2,2,1,1,1,1,1,1,2,0,1,24.75,692.1,Yes,0.71,618.75
3728,0,0,0,0,4,0,1,0,0,0,0,0,0,0,0,1,2,24.45,86.6,Yes,0.845,97.8
6254,1,0,0,0,28,1,2,1,0,2,2,0,2,2,0,1,2,105.7,2979.5,Yes,0.885,2959.6
821,0,1,0,0,8,1,2,1,0,0,0,0,0,2,0,0,2,85.2,695.75,No,0.91,681.6
915,1,0,0,0,1,0,1,0,0,0,0,0,0,0,0,1,2,24.25,24.25,Yes,0.79,24.25
5404,0,0,0,0,11,1,2,1,0,0,0,0,0,0,0,1,2,76.5,837.95,Yes,0.81,841.5
1177,0,0,0,0,4,1,2,1,0,2,0,2,0,2,0,1,2,93.5,362.2,Yes,0.825,374.0
275,0,1,1,0,54,1,2,1,0,2,0,0,2,2,1,1,1,101.5,5373.1,Yes,0.715,5481.0
3737,0,1,0,0,2,1,0,1,0,0,0,0,0,0,0,1,2,69.6,131.65,Yes,0.815,139.2
4738,0,0,0,0,1,1,0,0,0,2,0,0,0,0,0,0,2,50.55,50.55,Yes,0.855,50.55
4679,1,0,0,0,14,1,2,1,0,2,0,0,2,2,0,1,2,100.55,1415.55,Yes,0.815,1407.7
2970,0,0,1,1,1,1,0,2,1,1,1,1,1,1,0,1,3,20.5,20.5,Yes,0.79,20.5
2071,1,0,0,0,4,1,0,1,0,0,2,0,0,0,0,1,0,74.8,321.9,Yes,0.835,299.2
3960,0,0,1,0,20,0,1,0,0,0,0,0,0,0,0,1,2,24.45,482.8,Yes,0.73,489.0
2567,0,0,0,0,14,1,0,1,0,0,0,0,0,0,0,1,1,71.0,914,Yes,0.77,994.0
6798,0,1,0,0,30,0,1,0,0,0,2,0,2,0,0,1,2,40.3,1172.95,Yes,0.755,1209.0
2322,0,0,0,0,3,0,1,0,0,2,0,0,2,2,0,1,2,50.6,155.35,Yes,0.835,151.8
1984,0,0,1,1,40,1,2,1,0,0,2,2,0,0,0,1,2,84.85,3303.05,Yes,0.84,3394.0
2381,0,0,1,1,2,1,0,0,0,0,0,0,2,2,0,0,3,65.7,134.35,Yes,0.81,131.4
1285,0,0,0,0,1,1,0,1,0,0,0,0,0,0,0,0,2,70.5,70.5,Yes,0.9,70.5
2115,0,0,0,0,10,1,2,1,0,2,2,0,0,2,0,1,2,94.85,953.45,Yes,0.82,948.5
5131,1,0,0,0,1,1,0,2,1,1,1,1,1,1,0,0,3,19.75,19.75,Yes,0.7983333333333333,19.75
646,1,1,1,0,58,1,2,1,0,0,2,0,2,2,0,1,2,98.7,5812.6,Yes,0.745,5724.6
5436,0,0,0,0,1,1,0,1,0,0,0,0,0,0,0,1,2,69.6,69.6,Yes,1.0,69.6
209,0,1,1,0,68,1,2,1,0,2,0,0,2,2,0,1,2,100.2,6851.65,Yes,0.76,6813.6
1904,0,0,0,0,1,1,0,1,0,0,0,0,2,0,0,0,2,78.05,78.05,Yes,0.99,78.05
819,1,0,0,0,7,1,2,1,0,0,0,0,0,0,0,0,2,73.6,520,Yes,0.88,515.1999999999999
2982,0,0,0,0,9,1,2,1,0,0,0,0,0,0,0,1,2,74.75,706.6,Yes,0.705,672.75
457,0,0,0,0,1,1,0,2,1,1,1,1,1,1,0,1,3,20.25,20.25,No,0.9,20.25
3800,1,0,0,0,1,1,0,2,1,1,1,1,1,1,0,1,3,20.2,20.2,Yes,0.8940952380952382,20.2
6475,0,1,1,0,24,1,2,1,0,0,0,0,2,2,0,1,2,93.55,2264.05,Yes,0.77,2245.2
513,1,0,0,0,2,0,1,0,0,0,0,0,0,0,0,1,2,25.05,56.35,Yes,0.88,50.1
389,1,1,1,0,27,1,2,1,0,2,2,0,0,2,0,1,2,95.55,2510.2,Yes,0.765,2579.85
3221,1,0,0,0,57,0,1,0,0,2,0,0,2,0,0,1,2,39.3,2111.45,Yes,0.71,2240.1
1987,0,0,0,0,1,1,0,2,1,1,1,1,1,1,0,1,3,20.25,20.25,Yes,0.9,20.25
3963,0,0,0,0,1,1,0,1,0,0,2,0,2,0,0,1,2,85.45,85.45,Yes,0.935,85.45
3387,1,0,0,0,25,1,2,1,0,0,0,0,0,2,0,1,2,84.8,2043.45,Yes,0.835,2120.0
6908,1,0,1,0,35,1,2,1,0,0,0,0,0,0,0,1,2,75.2,2576.2,Yes,0.8,2632.0
4638,1,0,1,0,71,0,1,0,0,2,0,0,2,2,2,0,2,49.35,3515.25,Yes,0.72,3503.85
104,1,1,1,0,7,1,0,1,0,0,0,0,2,2,0,1,2,89.0,605.45,No,0.86,623.0
2954,1,0,0,0,6,1,2,1,0,0,0,0,0,0,0,1,2,74.9,469.8,Yes,0.735,449.40000000000003
1689,1,0,0,0,1,1,0,2,1,1,1,1,1,1,0,1,3,19.75,19.75,No,0.7175,19.75
2556,0,0,0,0,15,1,0,1,0,2,2,0,2,2,0,1,2,101.25,1457.25,Yes,0.83,1518.75
2294,0,0,0,0,37,0,1,0,0,0,0,2,0,0,0,0,1,28.6,973.55,Yes,0.71,1058.2
3890,0,1,0,0,2,0,1,0,0,0,0,0,0,0,0,0,2,24.35,41.85,Yes,0.875,48.7
3448,0,1,0,0,29,1,2,1,0,0,0,2,2,2,0,0,2,98.65,2862.75,Yes,0.775,2860.8500000000004
336,1,1,1,0,5,1,2,1,0,0,2,0,0,0,0,1,0,79.9,343.95,Yes,0.885,399.5
1615,0,1,0,0,28,1,2,1,0,0,2,2,2,2,0,1,2,103.3,2890.65,Yes,0.825,2892.4
2621,0,0,1,0,11,1,2,1,2,0,0,2,2,0,0,1,1,96.2,1222.05,Yes,0.885,1058.2
2863,1,0,1,0,55,1,2,1,0,0,2,2,2,2,1,1,2,104.15,5743.05,Yes,0.78,5728.25
1368,1,1,0,0,24,1,2,1,0,2,2,0,2,2,0,1,1,102.95,2496.7,Yes,0.895,2470.8
4091,0,0,0,0,1,1,0,1,0,0,0,0,2,2,0,0,2,90.6,90.6,Yes,0.98,90.6
2572,0,0,0,0,6,1,0,0,0,0,0,2,0,0,0,1,0,50.8,288.05,Yes,0.85,304.79999999999995
2953,1,0,0,0,4,1,2,1,0,2,0,0,0,2,0,1,2,90.05,368.1,Yes,0.955,360.2
2450,0,0,1,0,3,1,2,1,0,0,0,0,0,0,0,1,2,75.85,256.6,Yes,0.87,227.54999999999998
4541,1,0,1,1,1,1,0,1,0,0,0,0,0,0,0,1,2,68.5,68.5,Yes,0.955,68.5
3590,1,0,0,0,11,1,0,1,2,0,0,0,0,0,0,1,2,73.5,791.75,Yes,0.705,808.5
2130,0,0,0,0,1,1,0,1,0,0,0,0,0,0,0,1,3,69.95,69.95,Yes,0.985,69.95
4761,1,0,0,0,5,1,0,0,0,0,2,0,2,2,0,1,2,70.05,346.4,Yes,0.76,350.25
1074,1,0,0,0,8,1,2,1,0,2,2,0,2,0,0,1,2,94.0,773.65,Yes,0.91,752.0
1455,0,0,1,1,22,1,0,0,2,2,2,0,0,0,0,0,3,61.15,1422.05,Yes,0.72,1345.3
1846,1,0,1,0,29,1,2,1,2,2,0,0,0,0,0,1,2,84.45,2467.1,Yes,0.77,2449.05
1460,1,0,1,0,13,1,2,0,0,0,2,0,2,2,1,1,3,75.3,989.45,Yes,0.795,978.9
6572,0,1,1,0,43,1,2,1,2,0,2,2,2,2,1,1,3,109.55,4830.25,Yes,0.75,4710.65
3893,1,1,0,0,2,1,0,0,2,0,2,0,2,0,0,0,0,66.4,94.55,Yes,0.82,132.8
1800,1,1,1,0,66,1,2,1,0,0,0,2,2,2,0,1,1,100.05,6871.9,Yes,0.71,6603.3
708,1,0,1,0,56,1,2,2,1,1,1,1,1,1,2,1,1,25.15,1327.15,Yes,0.71,1408.3999999999999
845,0,0,0,0,2,1,0,0,0,2,0,0,0,0,0,1,3,49.6,114.7,Yes,0.795,99.2
3858,1,0,0,1,3,1,2,1,0,0,2,0,0,2,0,0,2,91.85,257.05,Yes,0.9,275.54999999999995
5484,0,0,1,1,1,0,1,0,0,0,0,2,2,0,0,0,2,40.1,40.1,Yes,0.795,40.1
1421,0,1,0,0,31,1,2,1,0,0,0,0,0,0,0,1,2,73.9,2217.15,Yes,0.78,2290.9
1433,0,0,0,0,14,1,0,1,0,0,0,0,2,2,0,1,3,89.8,1129.1,Yes,0.88,1257.2
4889,0,1,0,0,37,1,2,1,0,0,0,0,2,2,0,1,2,96.55,3580.3,Yes,0.905,3572.35
3198,1,1,0,0,24,1,2,1,0,2,0,0,2,2,0,1,2,101.25,2440.15,Yes,0.87,2430.0
6354,0,0,0,0,1,1,0,1,0,0,0,0,2,0,0,0,2,79.55,79.55,Yes,0.99,79.55
1006,1,0,0,0,1,1,0,1,0,0,0,0,2,2,0,1,2,89.1,89.1,Yes,0.82,89.1
2066,0,0,1,1,17,1,2,1,2,0,2,0,2,0,0,0,2,94.4,1607.2,Yes,0.82,1604.8000000000002
2818,1,0,0,0,19,1,0,1,0,2,2,0,0,0,0,1,2,78.25,1490.95,Yes,0.765,1486.75
2636,1,1,0,0,2,1,0,0,0,0,0,0,0,0,0,1,2,44.15,92.65,Yes,0.87,88.3
5601,1,1,1,0,1,1,2,1,2,0,0,0,0,0,0,1,2,80.3,80.3,Yes,0.895,80.3
4965,0,0,0,0,1,1,0,1,0,0,2,0,0,0,0,1,2,74.9,74.9,Yes,0.925,74.9
1159,0,1,0,0,9,1,0,1,0,0,0,0,2,0,0,1,2,80.85,751.65,Yes,0.83,727.65
1772,1,0,0,0,3,0,1,0,0,0,0,0,0,0,0,0,2,24.75,66.95,Yes,0.745,74.25
5288,0,1,0,0,49,1,2,1,0,0,2,0,0,2,0,1,1,90.85,4515.85,Yes,0.755,4451.65
1568,0,1,0,0,4,1,2,0,0,0,0,0,0,0,0,0,3,48.75,179.85,No,0.825,195.0
6091,0,0,1,0,2,1,0,1,0,2,2,0,0,0,0,0,0,79.7,165,Yes,0.885,159.4
3902,0,0,1,1,69,1,2,1,0,2,2,0,2,2,0,1,2,103.95,7446.9,Yes,0.89,7172.55
19,1,1,0,0,1,0,1,0,0,0,0,0,0,0,0,1,2,25.1,25.1,Yes,0.99,25.1
5963,1,0,1,1,6,1,0,1,0,2,0,0,0,2,0,1,1,83.55,477.55,Yes,0.865,501.29999999999995
1214,0,1,0,0,17,1,0,1,0,2,2,0,2,0,0,1,2,89.15,1496.9,Yes,0.745,1515.5500000000002
347,1,0,0,1,1,1,0,1,0,0,0,0,0,0,0,1,3,70.45,70.45,Yes,0.89,70.45
3312,1,0,0,1,1,0,1,0,0,0,0,0,0,0,0,0,2,24.75,24.75,Yes,0.755,24.75
3868,1,0,1,1,19,1,2,1,0,0,2,2,2,2,0,0,2,103.3,2012.7,Yes,0.845,1962.7
3324,0,0,0,0,4,1,2,1,0,0,0,0,0,0,0,1,2,75.65,302.35,No,0.84,302.6
6922,1,0,0,0,3,1,0,1,0,0,0,0,2,0,0,1,2,78.5,242.05,Yes,0.905,235.5
87,0,0,0,0,3,1,0,2,1,1,1,1,1,1,0,0,3,19.85,63.75,Yes,0.73,59.550000000000004
4357,1,1,0,0,3,1,0,1,0,0,0,0,2,0,0,1,2,79.9,260.9,Yes,0.895,239.70000000000002
4628,0,1,0,0,30,1,2,1,0,2,0,0,2,2,0,1,2,99.7,2967.35,Yes,0.905,2991.0
3467,1,0,0,0,15,1,2,0,0,2,0,2,0,0,0,1,1,58.6,939.7,Yes,0.71,879.0
1102,1,1,0,0,45,1,2,1,0,0,0,0,2,2,0,1,0,93.9,4200.25,No,0.71,4225.5
1008,1,0,1,0,10,1,2,1,0,0,2,0,2,2,0,1,2,98.5,1037.75,Yes,0.965,985.0
5878,0,0,0,0,1,1,0,0,0,0,2,0,0,0,0,1,3,50.45,50.45,Yes,0.735,50.45
2217,0,0,0,0,1,1,2,1,0,2,0,0,2,2,0,1,1,100.25,100.25,Yes,0.93,100.25
4306,0,0,0,0,16,1,2,1,0,0,2,0,0,2,0,1,2,88.45,1422.1,Yes,0.84,1415.2
3201,1,0,0,0,1,1,0,1,0,0,0,0,0,0,0,1,2,69.85,69.85,Yes,1.0,69.85
3365,1,0,0,0,4,1,0,1,0,0,0,0,0,2,0,1,2,79.9,324.3,Yes,0.815,319.6
1700,1,1,1,0,41,1,2,1,2,0,2,0,0,0,0,1,0,83.75,3273.55,Yes,0.8,3433.75
5604,0,0,1,0,1,1,0,1,0,0,0,0,0,0,0,1,3,69.4,69.4,Yes,0.985,69.4
4757,0,0,0,0,7,1,2,1,0,0,0,0,0,0,0,1,2,74.9,541.15,Yes,0.785,524.3000000000001
5277,1,0,0,0,1,1,0,1,0,0,0,0,0,0,0,1,2,70.35,70.35,No,0.96,70.35
2592,0,1,1,0,42,1,0,1,2,0,0,0,0,0,0,1,1,74.15,3229.4,Yes,0.835,3114.3
3287,0,0,0,0,1,1,0,1,0,0,0,0,0,0,0,1,2,70.1,70.1,Yes,0.975,70.1
869,1,0,0,0,55,1,2,1,0,0,0,0,2,2,0,1,2,96.8,5283.95,Yes,0.795,5324.0
6792,0,0,0,0,17,1,2,1,2,2,0,0,2,0,0,1,2,94.4,1617.5,Yes,0.89,1604.8000000000002
1352,0,0,0,0,1,1,0,1,0,2,0,0,2,0,0,0,2,84.3,84.3,Yes,0.9,84.3
1351,0,1,1,0,11,1,2,1,0,0,2,0,2,2,0,1,2,99.55,1131.2,Yes,0.97,1095.05
6218,1,1,0,0,8,1,2,1,0,0,2,0,0,0,0,1,2,81.25,585.95,Yes,0.84,650.0
2439,1,0,1,1,1,1,0,2,1,1,1,1,1,1,0,0,0,19.95,19.95,Yes,0.775,19.95
2758,1,0,1,0,23,1,2,1,2,2,2,0,2,0,0,1,2,99.25,2186.4,Yes,0.855,2282.75
3455,1,0,1,1,9,1,2,1,0,0,2,0,0,0,0,1,0,79.35,661.25,Yes,0.86,714.15
1458,0,0,0,0,15,1,2,1,0,2,0,0,0,0,0,1,2,79.75,1111.85,Yes,0.905,1196.25
6788,0,0,1,1,30,1,2,1,0,0,2,0,2,2,0,1,2,100.05,3046.15,Yes,0.845,3001.5
2394,1,0,0,0,1,1,0,1,0,0,0,0,0,0,0,1,2,69.35,69.35,Yes,1.0,69.35
252,0,0,0,0,3,1,0,1,0,0,0,2,0,2,0,0,2,85.8,272.2,Yes,0.865,257.4
6383,0,1,0,0,1,1,2,0,0,0,0,0,0,0,0,0,3,50.55,50.55,Yes,0.895,50.55
201,1,0,1,0,1,1,0,1,0,0,0,0,2,0,0,1,2,80.55,80.55,Yes,0.865,80.55
3914,0,0,1,1,12,1,2,1,0,2,2,0,0,0,0,1,2,84.5,916.9,Yes,0.805,1014.0
5715,0,1,0,0,27,1,2,1,0,0,0,0,0,2,0,1,2,85.25,2287.25,Yes,0.825,2301.75
3161,0,0,0,0,10,1,2,1,0,2,0,0,0,0,0,1,0,80.05,830.7,Yes,0.945,800.5
5419,0,0,0,0,22,1,0,0,2,0,0,0,0,0,0,1,1,48.8,1054.6,Yes,0.805,1073.6
725,0,1,0,0,1,1,2,1,0,0,0,0,0,2,0,1,2,85.05,85.05,Yes,0.9,85.05
3249,0,0,1,1,21,1,0,1,0,2,2,2,2,2,0,1,2,102.8,2110.15,Yes,0.785,2158.7999999999997
2397,0,0,0,0,6,1,0,1,0,0,2,2,2,2,0,1,3,99.95,547.65,Yes,0.825,599.7
2000,1,0,1,0,72,1,2,1,2,2,2,2,2,2,1,1,0,117.8,8684.8,Yes,0.745,8481.6
4955,0,1,0,0,54,1,2,1,0,2,0,0,0,0,0,1,2,79.5,4370.25,Yes,0.845,4293.0
2987,1,0,1,0,3,1,2,1,0,0,0,2,0,0,0,1,0,79.65,251.75,Yes,0.915,238.95000000000002
210,1,0,0,0,8,1,0,1,0,0,2,0,2,2,0,1,2,94.7,740.3,Yes,0.835,757.6
1688,1,0,0,0,5,1,2,1,0,0,2,0,2,0,0,1,2,92.5,452.7,Yes,0.955,462.5
5541,0,0,0,0,2,1,2,1,0,0,0,0,0,0,0,1,2,75.55,166.3,Yes,0.96,151.1
1254,1,0,1,1,1,1,0,1,0,0,0,0,0,0,0,1,2,70.0,70,Yes,0.79,70.0
3700,0,0,1,0,33,1,2,1,0,2,2,0,2,2,0,1,2,104.4,3409.6,Yes,0.785,3445.2000000000003
491,0,1,0,0,4,1,2,1,0,0,0,0,0,0,0,1,2,74.9,321.75,Yes,0.84,299.6
5352,0,0,0,0,2,1,2,1,0,0,0,0,0,0,0,0,1,74.9,147.15,Yes,0.755,149.8
2362,0,0,0,0,25,1,2,1,0,2,0,0,2,2,0,1,2,100.25,2387.75,Yes,0.875,2506.25
4533,0,1,0,0,25,1,2,1,2,2,0,0,2,2,0,1,3,102.8,2660.2,Yes,0.865,2570.0
5290,1,0,0,0,43,1,2,1,0,0,0,2,2,2,1,1,2,100.0,4211.55,Yes,0.76,4300.0
5975,1,0,1,0,10,1,0,1,0,2,0,2,2,2,0,1,2,99.85,990.9,Yes,0.795,998.5
2093,0,0,0,1,2,1,2,1,0,0,0,0,2,2,0,1,0,94.2,193.8,Yes,0.89,188.4
7012,1,1,0,0,9,1,2,1,0,0,0,0,0,2,0,1,2,83.85,790.15,Yes,0.94,754.65
338,0,1,0,0,27,1,2,1,0,0,2,0,0,2,0,0,1,88.3,2467.75,Yes,0.715,2384.1
4462,1,0,0,0,69,1,0,1,0,2,2,2,2,2,1,1,0,104.05,7262,Yes,0.795,7179.45
2545,1,0,1,0,22,1,0,1,0,0,2,0,2,2,0,1,1,94.7,1914.9,Yes,0.81,2083.4
2661,0,1,1,0,56,1,2,1,0,0,2,0,2,2,0,1,0,100.65,5688.05,Yes,0.79,5636.400000000001
4663,0,0,0,0,1,1,0,0,0,0,0,0,0,0,0,1,3,44.45,44.45,Yes,0.765,44.45
234,1,0,0,0,36,1,2,1,0,0,0,0,0,2,0,1,2,84.9,3067.2,Yes,0.945,3056.4
2975,1,0,0,0,1,1,0,1,0,2,0,0,0,0,0,1,2,74.35,74.35,Yes,0.88,74.35
1627,1,0,0,0,5,1,2,1,0,2,2,0,2,2,0,0,3,104.1,541.9,Yes,0.8,520.5
434,1,0,0,0,2,1,2,1,0,0,0,0,0,0,0,1,2,76.5,162.45,Yes,0.955,153.0
4053,0,0,1,1,4,1,0,1,0,0,0,0,0,2,0,0,2,80.85,302.75,Yes,0.89,323.4
1086,1,0,0,0,1,1,2,0,0,2,0,2,0,0,0,0,3,60.1,60.1,Yes,0.795,60.1
6163,1,0,0,0,1,1,0,1,0,0,0,0,2,0,0,1,2,78.95,78.95,Yes,0.995,78.95
2055,1,0,0,0,2,1,0,0,0,0,0,0,0,0,0,1,2,45.15,98.5,Yes,0.9,90.3
1138,0,0,0,0,3,1,0,1,0,0,0,0,2,0,0,1,2,79.4,244.65,Yes,0.92,238.20000000000002
3886,0,0,1,0,24,1,0,1,0,2,2,0,2,2,0,1,1,99.3,2431.35,Yes,0.825,2383.2
6246,1,0,0,0,18,1,2,1,0,2,0,0,0,0,0,1,2,80.65,1451.9,Yes,0.81,1451.7
344,0,0,0,0,1,1,0,1,0,0,0,0,0,0,0,0,3,71.1,71.1,Yes,0.99,71.1
6538,1,1,0,0,1,1,2,1,0,0,0,0,2,2,0,1,2,94.0,94,Yes,0.995,94.0
3657,0,0,0,0,4,1,0,0,0,0,0,0,0,0,0,1,3,46.0,193.6,Yes,0.925,184.0
5158,0,0,0,0,22,1,2,1,0,0,0,2,2,0,0,1,2,90.0,1993.8,Yes,0.875,1980.0
2359,0,1,0,0,8,1,2,1,0,2,2,0,2,2,0,1,2,105.5,829.55,Yes,0.9,844.0
6720,0,0,0,1,16,1,0,1,0,0,0,0,2,0,0,1,2,81.0,1312.15,Yes,0.72,1296.0
3612,0,0,1,1,1,1,0,1,0,0,0,0,0,0,0,1,2,69.8,69.8,Yes,0.95,69.8
2135,1,1,0,0,7,1,2,1,0,0,0,0,0,0,0,0,3,73.75,545.15,Yes,0.92,516.25
4042,1,1,0,0,9,1,2,0,2,0,0,0,0,0,0,0,2,54.55,494.05,Yes,0.75,490.95
3818,0,0,0,0,5,1,2,1,0,0,0,0,2,2,0,1,3,93.9,486.85,Yes,0.965,469.5
1387,0,1,0,0,3,1,0,1,0,0,0,0,0,0,0,1,2,70.4,204.7,Yes,0.705,211.20000000000002
1755,0,0,1,0,37,1,2,1,0,0,2,0,2,2,0,1,2,99.5,3762,Yes,0.77,3681.5
4185,1,0,0,0,10,1,0,1,2,2,2,0,2,2,0,1,2,104.4,1081.45,Yes,0.795,1044.0
3713,1,1,0,0,8,0,1,0,0,0,2,0,0,0,0,1,2,29.4,221.9,Yes,0.855,235.2
3085,1,0,0,0,2,1,0,0,0,0,0,0,0,0,0,0,3,44.65,74.9,Yes,0.83,89.3
1073,0,0,0,1,4,1,2,1,0,2,2,0,0,0,0,0,0,84.05,333.55,Yes,0.945,336.2
5071,1,1,1,0,37,1,2,1,0,0,0,0,2,0,0,1,2,85.7,3171.15,Yes,0.8,3170.9
2644,0,0,0,0,1,1,0,1,0,2,0,0,0,0,0,1,2,74.7,74.7,Yes,0.89,74.7
5202,0,0,0,0,5,1,2,1,0,2,0,0,2,0,0,1,2,90.8,455.5,Yes,0.955,454.0
2776,0,1,0,0,28,1,2,1,0,2,2,0,2,2,0,1,2,106.15,3152.5,Yes,0.76,2972.2000000000003
3817,0,0,0,0,1,0,1,0,0,0,0,0,2,0,0,1,2,35.75,35.75,Yes,0.945,35.75
1869,0,1,1,1,4,1,0,0,0,0,0,0,0,0,0,0,2,46.0,181.6,Yes,0.785,184.0
4539,1,0,1,1,17,1,0,1,2,0,2,0,2,0,0,1,2,89.4,1539.45,Yes,0.77,1519.8000000000002
1796,1,0,1,1,4,1,2,0,0,0,0,0,0,0,0,1,2,50.9,225.6,Yes,0.845,203.6
1788,1,0,0,0,4,1,0,1,0,0,0,0,2,0,0,1,2,81.0,340.85,Yes,0.89,324.0
3315,1,0,0,0,26,1,2,1,0,0,2,0,2,2,0,1,2,98.35,2515.3,Yes,0.745,2557.1
2559,1,0,0,0,5,0,1,0,0,2,0,0,2,2,0,1,3,51.0,305.95,Yes,0.75,255.0
4880,0,0,1,0,4,1,2,1,0,2,0,0,2,0,0,1,2,91.65,365.4,Yes,0.97,366.6
6835,1,0,0,1,1,1,0,1,0,0,0,0,2,2,0,1,2,90.85,90.85,Yes,0.845,90.85
4152,1,0,0,0,1,1,0,1,0,0,0,0,0,0,0,0,3,69.4,69.4,Yes,0.99,69.4
2246,0,1,0,0,8,1,0,1,0,0,2,0,2,2,0,1,1,94.45,742.95,Yes,0.915,755.6
5563,0,0,1,1,1,1,0,2,1,1,1,1,1,1,0,1,1,20.15,20.15,Yes,0.765,20.15
5286,1,1,0,0,50,1,2,1,0,0,0,0,2,2,0,1,2,95.7,4816.7,Yes,0.96,4785.0
2763,0,0,0,0,26,1,2,1,0,0,0,0,0,0,0,1,0,74.95,1834.95,Yes,0.77,1948.7
6502,0,0,0,0,6,0,1,0,0,0,2,0,2,2,0,1,2,47.95,305.1,Yes,0.79,287.70000000000005
3067,0,0,0,0,3,1,2,0,0,0,0,2,2,0,0,1,2,63.6,155.65,Yes,0.77,190.8
3082,1,0,0,0,3,0,1,0,0,2,0,2,0,0,0,1,3,36.85,108.7,Yes,0.775,110.55000000000001
3419,0,0,0,0,1,1,0,0,0,0,0,0,0,0,0,1,2,44.1,44.1,Yes,0.75,44.1
5672,1,0,0,0,14,0,1,0,0,0,2,0,2,2,0,1,2,50.75,712.75,Yes,0.805,710.5
1258,0,1,1,0,40,0,1,0,0,2,0,0,2,0,0,1,2,39.3,1637.4,Yes,0.745,1572.0
3373,1,1,0,0,2,1,0,0,0,0,0,0,0,0,0,1,2,44.7,93.7,Yes,0.915,89.4
1618,0,0,1,0,39,1,0,1,2,0,2,2,2,2,1,1,1,104.7,4134.85,Yes,0.75,4083.3
4715,0,0,0,0,1,1,0,1,0,0,0,0,0,0,0,1,2,70.3,70.3,Yes,0.99,70.3
2265,1,1,1,0,10,1,2,1,0,0,0,0,0,2,0,0,2,85.55,851.75,Yes,0.905,855.5
4315,1,0,0,1,6,1,0,1,0,0,2,0,2,2,0,0,3,94.5,575.45,Yes,0.915,567.0
876,0,1,1,0,16,1,2,1,0,0,0,0,0,2,0,1,1,85.35,1375.15,Yes,0.89,1365.6
6305,0,0,0,0,2,1,0,1,0,0,0,0,2,0,0,1,3,79.65,152.7,Yes,0.9,159.3
3299,0,1,0,0,2,1,0,1,0,0,0,0,0,2,0,1,2,79.6,195.05,Yes,0.79,159.2
3019,1,1,0,0,19,1,2,1,2,0,0,0,2,0,0,1,2,90.6,1660,Yes,0.795,1721.3999999999999
2045,0,0,0,0,1,1,0,2,1,1,1,1,1,1,0,1,0,20.2,20.2,Yes,0.785,20.2
4899,0,0,0,0,36,1,2,1,0,2,0,0,2,2,0,1,2,99.15,3615.6,Yes,0.845,3569.4
2016,0,0,1,0,39,0,1,0,2,0,2,0,2,2,0,0,2,55.9,2184.35,Yes,0.73,2180.1
2626,1,0,0,0,21,1,2,1,0,2,0,0,0,0,0,1,2,82.35,1852.85,Yes,0.895,1729.35
4016,1,0,0,0,2,0,1,0,0,2,2,2,0,0,0,1,1,40.4,77.15,Yes,0.86,80.8
1101,0,0,0,0,4,1,2,1,0,0,0,0,0,0,0,0,2,75.35,338.1,Yes,0.92,301.4
3222,1,0,0,1,35,1,0,1,0,0,2,0,2,0,1,1,2,85.15,3030.6,Yes,0.715,2980.25
1125,0,0,1,1,33,1,0,1,0,0,2,0,2,2,1,1,2,93.8,3124.5,Yes,0.795,3095.4
4599,1,1,1,0,7,1,2,1,2,2,0,0,0,2,0,1,1,94.7,673.1,Yes,0.835,662.9
5860,1,1,0,0,3,1,2,1,0,0,0,0,0,0,0,1,2,77.0,237.75,Yes,0.93,231.0
4736,1,1,0,0,47,1,0,1,2,0,0,0,0,2,0,0,3,85.5,4042.3,Yes,0.72,4018.5
3331,1,0,0,0,1,1,0,1,0,0,0,0,0,0,0,0,2,70.4,70.4,Yes,0.965,70.4
5682,0,1,0,0,15,1,0,1,0,2,0,0,0,0,0,1,1,75.3,1147.45,Yes,0.845,1129.5
2068,0,0,1,0,11,1,2,1,0,0,0,0,2,2,0,1,2,94.0,1078.9,Yes,0.93,1034.0
5813,1,0,0,0,67,1,2,1,2,2,2,2,2,2,1,1,0,118.35,7804.15,Yes,0.72,7929.45
4228,0,0,1,0,44,1,2,1,0,0,0,0,2,2,0,1,2,96.1,4364.1,Yes,0.84,4228.4
5674,1,1,0,0,15,1,2,1,0,2,0,0,0,0,0,1,2,80.2,1217.25,Yes,0.86,1203.0
6950,0,0,1,1,17,1,2,1,2,0,2,0,2,2,0,1,2,104.2,1743.5,Yes,0.845,1771.4
5714,1,1,0,0,1,1,0,1,0,0,0,0,0,0,0,1,2,69.65,69.65,Yes,0.955,69.65
648,0,0,0,0,7,1,0,1,0,0,0,0,2,0,0,1,3,80.3,526.7,Yes,0.825,562.1
2651,0,1,0,0,1,0,1,0,0,0,0,0,2,0,0,1,2,36.45,36.45,Yes,0.96,36.45
440,0,1,1,0,47,1,2,1,2,0,0,0,0,0,0,0,2,80.35,3825.85,Yes,0.82,3776.45
6589,0,1,1,0,24,0,1,0,0,0,2,0,0,2,0,1,1,40.65,933.3,Yes,0.815,975.5999999999999
5933,0,0,1,0,8,1,2,1,0,0,0,0,0,2,0,1,2,84.9,764.95,Yes,0.955,679.2
2069,0,0,1,1,2,1,0,1,0,2,0,0,0,0,0,1,0,73.55,145.4,Yes,0.85,147.1
5557,0,0,1,0,8,1,0,2,1,1,1,1,1,1,0,0,0,20.15,156.25,Yes,0.72,161.2
2839,1,0,0,0,7,1,2,1,0,0,0,0,2,2,0,0,2,96.2,639.7,No,0.82,673.4
5902,0,1,1,0,43,1,2,1,0,0,2,2,2,2,1,1,2,107.55,4533.9,Yes,0.785,4624.65
729,1,1,1,0,16,1,2,1,0,0,2,0,2,2,0,1,2,98.75,1587.55,Yes,0.875,1580.0
186,0,0,1,0,8,1,0,1,0,2,2,0,2,2,0,0,2,101.15,842.9,Yes,0.89,809.2
3807,1,0,0,0,20,1,2,1,0,0,2,0,2,0,0,1,2,88.7,1761.45,Yes,0.785,1774.0
1330,0,0,0,0,2,1,0,1,0,0,0,0,2,0,0,1,2,79.75,164.5,Yes,0.985,159.5
3498,0,0,0,0,27,1,2,1,0,0,0,0,2,2,0,1,3,94.55,2724.6,Yes,0.87,2552.85
5998,0,1,0,0,5,1,0,1,0,0,0,0,0,0,0,1,3,69.05,318.5,Yes,0.805,345.25
1046,1,0,1,1,52,1,2,1,0,0,2,2,0,2,2,1,0,96.25,4990.25,Yes,0.715,5005.0
4270,1,1,0,0,37,1,2,1,0,0,2,0,2,2,0,1,2,101.1,3744.05,Yes,0.89,3740.7
6086,1,0,0,0,69,1,2,1,0,2,0,2,2,2,1,1,0,104.7,7220.35,Yes,0.715,7224.3
6199,0,0,0,0,6,1,2,1,0,2,0,0,2,0,0,1,2,90.1,521.3,Yes,0.82,540.5999999999999
6699,1,0,0,0,11,1,2,0,0,0,2,0,0,0,0,0,2,53.75,608,Yes,0.79,591.25
223,0,0,0,0,6,1,0,1,0,0,0,0,2,2,0,0,2,89.3,577.6,Yes,0.905,535.8
2117,0,0,1,0,3,1,2,1,0,0,0,0,2,2,0,1,2,95.2,292.85,Yes,0.99,285.6
2311,0,1,0,0,5,0,1,0,0,0,0,0,2,2,0,0,2,45.7,198,Yes,0.775,228.5
2258,1,0,1,0,8,1,0,1,2,0,0,0,0,0,0,1,2,74.5,609.9,Yes,0.76,596.0
5710,0,0,0,0,1,1,0,1,0,0,0,0,2,0,0,1,2,79.65,79.65,Yes,0.99,79.65
3949,0,1,1,0,28,1,2,1,0,0,0,2,2,2,0,1,1,101.3,2812.2,Yes,0.785,2836.4
6230,0,0,1,1,1,1,0,1,0,0,0,0,2,0,0,1,3,80.05,80.05,Yes,0.805,80.05
1414,1,0,1,1,29,1,2,1,0,0,2,0,0,2,0,1,2,89.2,2698.35,Yes,0.845,2586.8
4198,1,0,1,1,19,1,2,1,0,0,0,0,0,2,0,1,2,83.65,1465.75,Yes,0.88,1589.3500000000001
6722,1,0,0,0,1,1,0,0,0,0,0,2,0,0,0,0,3,51.25,51.25,Yes,0.71,51.25
1413,1,0,0,0,1,1,0,0,0,0,0,0,0,0,0,1,2,45.6,45.6,Yes,0.86,45.6
830,0,0,0,0,6,1,0,0,0,0,0,2,0,0,0,1,0,49.65,267.35,Yes,0.875,297.9
2003,0,0,1,0,25,0,1,0,0,0,0,0,2,0,0,1,0,34.0,853,Yes,0.73,850.0
4061,1,1,1,0,10,1,0,1,0,2,2,2,2,0,0,1,3,92.5,934.1,Yes,0.91,925.0
2188,0,0,1,1,13,1,0,1,0,0,0,0,2,2,0,0,2,88.35,1222.8,Yes,0.85,1148.55
2067,0,1,0,0,1,1,2,1,0,0,0,0,0,0,0,1,3,74.45,74.45,Yes,0.96,74.45
6697,1,0,0,0,26,1,0,1,0,2,2,0,2,0,0,0,2,89.8,2335.3,Yes,0.735,2334.7999999999997
3997,0,0,0,0,12,1,0,1,0,0,2,0,2,2,1,0,3,95.5,1115.15,Yes,0.785,1146.0
3621,0,1,0,0,10,0,1,0,0,0,0,2,0,0,0,1,2,29.65,291.4,Yes,0.82,296.5
4362,0,1,0,0,3,1,0,1,0,0,0,0,0,0,0,1,2,70.3,235.5,Yes,0.805,210.89999999999998
5720,0,0,0,0,10,1,2,1,0,0,0,0,0,0,0,1,2,74.75,799.65,Yes,0.865,747.5
6779,0,0,0,0,1,1,0,0,0,0,0,2,0,0,0,1,2,50.8,50.8,Yes,0.71,50.8
6810,1,0,0,0,2,1,0,1,0,0,0,0,2,0,0,1,2,80.25,144.55,Yes,0.91,160.5
1622,1,0,0,0,36,1,2,1,0,0,0,0,0,2,0,1,2,84.75,3050.15,Yes,0.935,3051.0
5271,1,1,0,0,12,1,2,1,0,0,2,0,2,2,0,1,2,99.45,1200.15,Yes,0.945,1193.4
6412,0,0,0,0,5,1,0,1,0,0,0,0,2,0,0,1,1,81.0,389.6,Yes,0.89,405.0
1636,1,0,0,0,6,1,0,1,0,2,0,0,2,0,0,1,2,84.85,523.5,Yes,0.955,509.09999999999997
4255,0,1,0,0,26,1,2,1,0,2,0,0,2,0,0,1,2,89.15,2277.65,Yes,0.88,2317.9
5620,0,1,1,0,1,0,1,0,0,0,0,0,0,0,0,1,2,24.8,24.8,Yes,0.91,24.8
1875,1,0,0,0,64,1,2,1,0,2,0,2,2,2,1,1,1,105.65,6903.1,Yes,0.725,6761.6
5233,0,0,1,0,9,1,0,1,0,0,0,0,2,2,0,0,2,89.45,853.1,Yes,0.89,805.0500000000001
1096,0,0,0,0,2,1,0,0,0,0,2,2,2,2,0,0,2,76.4,160.8,Yes,0.78,152.8
498,1,0,1,0,9,1,0,1,0,2,2,0,0,0,0,1,2,79.9,741.7,Yes,0.855,719.1
4213,1,1,0,0,32,1,2,1,0,0,0,0,2,2,0,1,1,96.15,3019.25,Yes,0.92,3076.8
4347,1,0,0,0,1,1,0,2,1,1,1,1,1,1,0,0,3,19.65,19.65,Yes,0.8921666666666667,19.65
5302,1,0,0,0,1,1,2,1,0,0,0,0,2,0,0,1,3,84.65,84.65,Yes,0.875,84.65
1718,0,1,1,0,1,1,0,1,0,0,0,0,0,0,0,1,2,69.55,69.55,Yes,0.96,69.55
4348,0,0,1,1,1,1,0,0,0,0,0,0,0,0,0,1,0,44.35,44.35,Yes,0.86,44.35
4557,0,0,0,0,7,1,0,1,0,0,0,0,2,0,0,1,2,79.7,586.05,Yes,0.895,557.9
4289,0,1,0,0,5,1,0,1,0,0,2,0,2,0,0,1,3,84.85,415.55,Yes,0.9,424.25
5994,1,1,0,0,1,1,2,1,0,0,0,0,0,0,0,1,2,73.65,73.65,Yes,0.965,73.65
3923,0,0,1,0,55,1,2,1,0,0,2,0,0,0,0,1,2,77.75,4458.15,Yes,0.72,4276.25
112,0,1,1,0,6,1,2,1,0,0,0,0,0,2,0,1,2,84.35,474.9,Yes,0.93,506.09999999999997
6235,0,0,0,0,8,1,0,1,2,0,0,0,2,0,0,0,2,84.95,668.4,Yes,0.82,679.6
1858,1,0,0,0,11,1,0,1,0,0,0,2,0,0,0,1,2,73.85,926.25,Yes,0.825,812.3499999999999
1327,0,1,1,0,1,1,0,0,0,0,0,0,0,0,0,0,2,46.0,46,Yes,0.855,46.0
2637,1,1,1,0,16,1,0,1,0,0,0,0,0,0,0,1,0,71.8,1167.8,Yes,0.725,1148.8
4911,1,0,0,0,4,1,2,0,0,0,0,0,0,0,0,0,1,51.75,201.1,Yes,0.785,207.0
6732,1,0,1,1,30,1,2,1,2,2,0,0,2,0,0,1,2,94.4,2838.7,Yes,0.725,2832.0
1792,0,0,0,0,1,1,0,1,0,0,0,0,0,0,0,1,3,70.15,70.15,Yes,0.96,70.15
3208,0,0,0,0,1,1,0,1,0,0,0,0,0,2,0,1,2,81.1,81.1,Yes,0.965,81.1
2673,0,0,1,1,1,1,0,2,1,1,1,1,1,1,0,0,3,20.55,20.55,Yes,0.795,20.55
4820,0,0,0,0,61,1,2,1,0,0,2,2,2,2,2,1,2,106.6,6428.4,Yes,0.73,6502.599999999999
6729,1,0,1,0,59,1,2,1,2,2,2,2,2,0,0,1,2,106.75,6252.9,Yes,0.72,6298.25
214,0,0,0,0,3,1,0,1,0,2,0,2,2,2,0,1,2,97.9,315.3,Yes,0.895,293.70000000000005
4694,1,0,0,0,1,1,0,0,0,0,0,0,0,2,0,1,3,55.7,55.7,Yes,0.725,55.7
3804,1,0,0,0,13,1,0,1,0,2,2,0,0,0,0,1,2,79.8,973.45,Yes,0.74,1037.3999999999999
3579,0,0,1,0,18,0,1,0,0,0,2,0,2,0,0,1,2,39.05,669.85,Yes,0.8,702.9
4,0,1,1,0,3,1,0,1,0,0,0,2,2,0,0,1,3,83.9,267.4,Yes,0.92,251.70000000000002
3934,0,1,0,0,1,1,0,1,0,0,0,0,0,0,0,1,2,69.85,69.85,Yes,0.995,69.85
3470,0,0,0,0,1,1,0,0,0,0,0,0,2,0,0,1,3,53.55,53.55,Yes,0.725,53.55
1818,0,1,1,0,26,1,0,1,0,2,0,0,0,2,0,0,2,84.95,2169.75,Yes,0.725,2208.7000000000003
4474,1,0,1,0,11,1,2,1,0,2,0,0,0,0,0,1,0,80.5,896.9,Yes,0.85,885.5
1131,1,0,0,0,1,1,0,0,0,0,2,0,0,0,0,1,3,49.65,49.65,Yes,0.85,49.65
5123,1,0,0,0,4,1,0,1,0,0,0,0,2,2,0,1,2,88.45,370.65,Yes,0.855,353.8
1607,1,0,1,0,9,1,0,1,0,2,2,2,2,0,0,1,3,94.85,890.6,Yes,0.905,853.65
2670,1,0,1,1,7,1,0,1,0,0,0,0,0,0,0,1,0,69.95,529.5,Yes,0.81,489.65000000000003
1215,0,0,0,0,1,1,0,0,2,0,0,0,0,0,0,1,1,48.6,48.6,Yes,0.71,48.6
1686,0,1,0,0,40,0,1,0,2,2,0,0,2,2,0,1,2,55.8,2109.35,Yes,0.765,2232.0
3379,1,0,1,0,29,1,2,1,0,2,0,0,0,0,0,1,0,80.15,2265.25,Yes,0.715,2324.3500000000004
906,0,0,0,0,3,1,2,1,0,0,0,0,0,0,0,1,2,75.5,220.6,Yes,0.74,226.5
4547,0,0,1,0,3,1,2,1,0,0,0,0,0,0,0,1,1,74.75,229.5,Yes,0.98,224.25
3060,1,0,0,0,23,1,2,1,0,0,2,2,2,2,0,1,3,104.05,2470.1,Yes,0.805,2393.15
4830,0,0,0,0,13,1,2,1,2,2,0,0,2,0,0,1,2,96.65,1244.5,Yes,0.74,1256.45
3541,1,1,0,0,1,1,0,2,1,1,1,1,1,1,0,0,3,20.05,20.05,Yes,0.722,20.05
6894,0,0,0,0,39,1,2,1,0,2,2,0,2,2,0,1,2,103.45,3994.45,Yes,0.78,4034.55
1588,0,0,1,1,1,1,0,2,1,1,1,1,1,1,0,1,2,19.9,19.9,Yes,0.84,19.9
403,1,0,1,0,14,0,1,0,0,0,0,0,2,2,0,0,2,46.35,667.7,Yes,0.74,648.9
3831,1,0,0,0,1,1,0,1,0,0,0,0,0,2,0,0,2,79.6,79.6,Yes,0.995,79.6
139,1,0,0,0,1,1,0,1,0,0,0,2,0,0,0,1,2,75.9,75.9,Yes,0.815,75.9
6631,1,0,1,0,1,1,0,1,0,0,2,0,0,0,0,0,2,76.2,76.2,Yes,0.89,76.2
3109,0,0,1,0,42,1,2,1,0,0,2,2,0,0,0,1,2,84.3,3588.4,Yes,0.84,3540.6
5416,0,0,0,0,7,1,0,1,0,0,0,0,2,0,0,1,2,79.0,522.95,Yes,0.925,553.0
2263,0,0,0,0,1,1,0,1,0,0,0,0,0,0,0,1,2,70.25,70.25,Yes,0.885,70.25
598,0,1,0,0,10,1,0,1,0,0,2,0,0,2,0,1,1,84.6,865.55,Yes,0.75,846.0
3354,0,0,0,1,1,1,0,0,2,2,0,2,0,0,0,1,2,60.0,60,Yes,0.715,60.0
3709,1,0,0,0,8,1,2,1,0,0,0,0,0,2,0,1,2,86.55,649.65,Yes,0.905,692.4
4951,0,1,1,0,1,1,0,2,1,1,1,1,1,1,0,1,3,20.85,20.85,Yes,0.81625,20.85
2693,0,0,1,0,1,0,1,0,0,0,0,0,0,2,0,0,2,35.0,35,No,0.84,35.0
3560,0,0,0,0,39,0,1,0,0,0,2,0,2,2,0,1,2,50.75,2011.4,Yes,0.74,1979.25
109,0,1,1,0,58,1,0,1,2,2,0,2,2,2,1,1,1,105.5,6205.5,Yes,0.73,6119.0
3045,1,1,0,0,6,1,0,1,2,0,0,0,2,0,0,1,0,85.15,503.6,Yes,0.87,510.90000000000003
94,1,0,1,0,22,1,0,0,2,0,0,2,0,0,0,1,2,54.2,1152.7,Yes,0.725,1192.4
1332,0,0,1,0,70,1,2,1,0,2,2,2,2,2,1,1,2,109.5,7674.55,Yes,0.75,7665.0
443,1,0,1,1,21,1,2,1,0,2,2,0,2,2,0,0,2,104.4,2157.95,Yes,0.805,2192.4
97,0,0,1,0,19,1,2,1,0,0,0,0,2,0,0,1,2,86.85,1564.4,No,0.775,1650.1499999999999
2658,1,0,0,0,1,1,0,2,1,1,1,1,1,1,0,0,3,19.65,19.65,No,0.8921666666666667,19.65
3675,0,0,0,0,1,1,0,1,0,2,0,0,0,0,0,1,2,75.7,75.7,Yes,0.905,75.7
1272,0,1,1,0,20,1,2,1,0,0,2,0,2,0,0,0,2,90.8,1951,Yes,0.795,1816.0
4319,0,0,1,1,4,1,2,1,0,2,0,0,2,2,0,1,2,97.95,384.5,Yes,0.945,391.8
6926,1,0,0,0,6,1,0,1,0,0,0,0,2,0,0,1,1,80.5,463.05,Yes,0.705,483.0
2159,0,1,1,0,27,1,2,1,2,0,0,2,2,2,0,1,0,104.3,2867.75,Yes,0.805,2816.1
5697,1,0,0,0,1,1,0,1,0,0,0,0,0,0,0,1,3,71.35,71.35,Yes,0.94,71.35
4150,1,0,0,0,19,1,2,1,0,2,0,0,2,2,0,1,2,99.95,1931.75,Yes,0.815,1899.05
3377,0,0,0,0,10,1,2,1,0,2,0,0,0,0,0,1,1,81.0,818.05,Yes,0.955,810.0
1649,0,1,1,0,13,1,0,1,0,0,0,0,0,0,0,1,2,70.15,916.75,Yes,0.845,911.95
7025,0,0,0,0,1,1,0,1,0,0,0,0,0,0,0,1,3,70.15,70.15,Yes,0.96,70.15
873,0,1,1,0,68,1,2,1,2,2,0,0,0,2,1,1,1,96.55,6581.9,Yes,0.71,6565.4
3425,0,1,0,0,1,1,0,1,0,0,0,0,0,0,0,1,2,69.65,69.65,Yes,1.0,69.65
977,0,1,0,0,1,1,0,1,0,0,0,0,2,2,0,1,2,89.3,89.3,Yes,0.905,89.3
2437,0,1,0,0,15,1,0,1,2,0,2,2,0,2,0,1,3,96.3,1426.75,Yes,0.825,1444.5
3163,0,0,0,0,5,1,2,1,0,0,0,0,2,0,0,1,2,85.2,474.8,Yes,0.88,426.0
5721,0,0,0,0,13,0,1,0,0,0,0,0,0,2,0,1,2,35.1,446.1,Yes,0.88,456.3
6125,1,1,1,0,34,1,2,1,0,0,0,0,0,0,0,1,2,75.55,2425.4,No,0.76,2568.7
2906,1,0,1,0,5,1,2,1,0,2,0,0,0,0,0,1,2,81.3,416.3,Yes,0.97,406.5
6417,0,0,1,1,17,1,2,1,0,0,0,0,0,2,0,1,2,85.45,1451.6,Yes,0.865,1452.65
2387,1,0,1,1,1,1,0,1,0,0,0,0,0,0,0,1,2,71.0,71,Yes,0.915,71.0
1809,1,1,0,0,9,1,2,1,0,0,0,0,0,2,0,1,2,85.05,746.5,Yes,0.965,765.4499999999999
3041,1,0,0,1,1,1,0,0,0,0,0,0,0,0,0,1,2,44.4,44.4,Yes,0.8,44.4
943,1,1,1,0,1,1,0,1,0,0,0,0,0,0,0,1,2,70.3,70.3,Yes,0.835,70.3
6682,0,0,1,0,1,1,0,1,0,0,0,0,2,0,0,1,0,79.35,79.35,Yes,0.88,79.35
6932,0,0,0,0,9,1,0,1,0,0,0,0,2,2,0,1,0,90.8,809.75,Yes,0.925,817.1999999999999
4263,1,0,1,1,20,1,0,1,0,0,0,0,0,0,0,1,2,70.45,1470.95,Yes,0.855,1409.0
5069,1,1,0,0,70,0,1,0,0,0,0,0,2,2,1,1,2,45.25,3264.45,Yes,0.71,3167.5
3188,0,0,0,0,3,1,2,1,0,0,0,0,0,0,0,1,2,75.8,246.3,Yes,0.895,227.39999999999998
2367,1,1,1,0,21,1,0,1,0,0,0,0,0,0,0,1,2,69.1,1474.75,Yes,0.78,1451.1
251,0,0,1,1,17,1,2,1,0,0,2,0,2,0,0,0,2,88.25,1460.65,Yes,0.875,1500.25
5642,0,0,0,0,21,1,2,1,0,0,0,0,2,2,0,1,2,97.35,2119.5,Yes,0.84,2044.35
3165,0,0,0,1,1,1,0,1,0,0,0,0,0,0,0,1,2,69.65,69.65,Yes,0.985,69.65
2057,0,0,0,0,10,1,2,1,0,0,2,0,2,2,0,1,2,100.6,1060.2,Yes,0.97,1006.0
3409,0,1,0,0,1,1,0,1,0,2,0,0,0,2,0,1,2,86.0,86,Yes,0.93,86.0
2467,1,0,0,0,3,0,1,0,0,2,0,0,0,0,0,1,2,29.6,79.45,Yes,0.815,88.80000000000001
6063,0,0,1,1,49,1,2,1,0,0,0,0,2,2,0,1,2,95.6,4783.5,Yes,0.805,4684.4
5590,1,0,0,0,45,1,2,1,0,2,0,0,2,2,0,1,1,100.85,4740,Yes,0.82,4538.25
4367,1,0,1,1,49,1,2,1,0,0,0,0,2,0,0,0,2,84.5,4254.85,Yes,0.75,4140.5
1321,0,1,0,0,14,1,2,1,0,2,0,0,0,0,0,1,2,78.95,1101.85,Yes,0.965,1105.3
5144,0,1,0,0,47,1,2,1,0,2,2,0,0,0,0,1,0,85.2,3969.35,Yes,0.805,4004.4
3,1,1,1,0,13,1,0,1,0,2,2,0,2,2,0,1,2,98.0,1237.85,Yes,0.86,1274.0
2932,1,0,1,0,5,1,0,1,0,0,2,0,2,2,0,1,2,94.45,498.1,Yes,0.95,472.25
4596,1,1,0,0,3,1,2,1,0,2,2,0,2,2,0,1,2,105.0,294.45,Yes,0.95,315.0
6972,0,1,1,0,26,1,2,1,0,2,2,0,0,2,0,1,2,93.85,2381.55,Yes,0.89,2440.1
3823,0,1,1,0,8,1,2,1,0,0,0,0,0,2,0,1,2,84.0,613.4,Yes,0.925,672.0
5132,0,0,1,0,9,0,1,0,0,0,2,0,2,2,0,1,2,48.75,442.2,Yes,0.86,438.75
1492,1,0,0,0,1,1,0,1,0,0,2,0,2,0,0,1,2,84.85,84.85,Yes,0.895,84.85
4243,1,0,0,0,12,1,0,0,2,0,0,2,0,0,0,0,3,56.65,654.85,Yes,0.71,679.8
2538,0,0,0,0,31,1,2,1,0,0,2,0,0,2,0,1,2,89.9,2806.9,Yes,0.87,2786.9
4872,1,1,1,0,18,1,0,1,0,0,0,0,0,2,0,0,2,78.55,1422.65,Yes,0.815,1413.8999999999999
5681,1,0,1,0,42,1,2,1,0,2,2,2,0,2,0,1,2,99.45,4138.05,Yes,0.755,4176.900000000001
3645,1,1,0,0,4,0,1,0,0,0,0,0,0,0,0,1,0,25.2,102.5,Yes,0.795,100.8
910,0,1,0,0,15,1,2,0,0,0,0,2,0,0,0,0,1,55.0,757.1,Yes,0.73,825.0
6474,1,0,1,0,14,1,2,1,0,0,0,0,0,2,0,1,2,85.15,1139.2,Yes,0.905,1192.1000000000001
3945,1,1,1,0,3,1,2,1,0,0,0,0,2,2,0,1,2,94.6,279.55,Yes,0.97,283.79999999999995
5716,1,0,0,0,16,1,0,1,2,0,0,0,2,2,0,1,2,94.25,1483.25,Yes,0.865,1508.0
6795,0,0,0,0,42,1,2,1,2,0,2,0,2,2,0,1,2,105.2,4400.75,Yes,0.76,4418.400000000001
2615,1,0,1,0,6,1,2,1,0,0,0,0,2,0,0,1,2,82.85,460.25,Yes,0.74,497.09999999999997
4022,0,0,1,1,5,1,0,1,0,2,0,0,0,2,0,1,2,83.6,404.2,Yes,0.905,418.0
3586,0,0,1,0,3,1,2,1,0,2,0,0,0,2,0,1,1,91.5,242.95,Yes,0.96,274.5
1266,1,0,1,0,12,1,0,1,2,0,0,2,0,0,0,0,0,80.85,866.45,Yes,0.775,970.1999999999999
6407,1,1,1,0,68,1,2,1,0,2,2,0,2,2,0,1,2,105.3,7299.65,Yes,0.855,7160.4
4664,1,1,0,0,25,1,2,1,0,2,0,0,2,0,0,1,2,88.95,2291.2,Yes,0.885,2223.75
6921,1,1,1,0,66,1,2,1,0,2,2,2,2,2,1,1,2,110.85,7491.75,Yes,0.715,7316.099999999999
3996,1,1,1,0,27,0,1,0,0,0,0,0,0,2,0,0,0,36.5,1032,Yes,0.76,985.5
354,0,0,0,0,1,1,0,1,0,0,0,0,0,0,0,0,3,70.75,70.75,Yes,0.925,70.75
4479,1,0,0,0,3,0,1,0,0,0,2,0,2,0,0,1,3,40.15,130.75,Yes,0.77,120.44999999999999
6510,1,1,1,0,29,1,2,1,0,0,0,0,2,2,0,1,2,94.45,2653.65,Yes,0.9,2739.05
5349,1,0,0,0,1,0,1,0,0,0,0,0,2,2,0,1,3,45.3,45.3,Yes,0.94,45.3
3795,1,0,0,0,2,1,0,1,0,0,2,0,2,2,0,0,2,94.95,178.1,Yes,0.935,189.9
2764,0,0,0,1,12,1,0,0,0,0,0,0,0,0,0,1,2,44.55,480.6,Yes,0.75,534.5999999999999
2668,1,0,1,0,1,0,1,0,0,0,0,0,0,0,0,1,2,23.45,23.45,Yes,0.94,23.45
6696,1,0,0,0,1,0,1,0,2,0,0,0,0,0,0,0,3,29.7,29.7,Yes,0.75,29.7
5924,0,0,0,0,3,1,2,0,0,0,0,0,0,0,0,1,3,50.65,151.3,Yes,0.86,151.95
6192,0,1,1,0,1,1,2,1,0,2,0,0,2,0,0,1,2,90.6,90.6,Yes,0.95,90.6
2165,1,1,1,0,2,1,2,1,0,0,0,0,2,0,0,1,3,86.85,156.35,Yes,0.765,173.7
2482,0,1,1,0,29,1,2,1,0,0,2,0,2,2,0,1,0,99.05,2952.85,Yes,0.745,2872.45
6506,0,0,0,0,52,1,2,1,2,2,0,2,2,2,1,1,1,111.25,5916.45,Yes,0.74,5785.0
3894,1,0,0,0,2,1,0,0,2,0,2,0,0,0,0,1,3,55.1,113.35,Yes,0.735,110.2
594,1,0,1,0,13,1,2,1,0,0,2,0,2,2,0,1,1,102.25,1359,Yes,0.88,1329.25
6476,1,1,0,0,19,1,0,1,0,0,2,0,2,2,0,1,1,95.9,1777.9,Yes,0.78,1822.1000000000001
750,0,1,0,0,47,1,2,1,0,2,0,2,2,0,0,1,2,95.05,4504.55,Yes,0.745,4467.349999999999
592,0,0,0,0,5,1,0,0,2,0,0,2,0,0,0,0,1,53.85,259.8,Yes,0.77,269.25
3825,1,1,1,0,52,1,2,1,2,0,2,0,2,2,0,1,2,104.2,5568.35,Yes,0.83,5418.400000000001
2812,0,0,0,0,25,1,0,1,0,2,2,0,2,2,0,1,2,99.5,2369.05,Yes,0.875,2487.5
5343,0,0,0,0,16,1,0,1,0,2,2,0,0,2,0,1,1,93.2,1573.7,Yes,0.8,1491.2
2849,0,0,1,1,31,1,2,1,0,0,2,2,2,2,0,1,2,104.2,3243.45,Yes,0.865,3230.2000000000003
1981,1,0,0,0,1,1,0,1,0,0,0,0,0,2,0,1,2,79.25,79.25,Yes,0.985,79.25
3411,0,0,0,0,1,1,0,0,0,0,0,0,0,0,0,1,0,44.9,44.9,Yes,0.715,44.9
4519,1,0,1,0,10,1,0,1,0,0,0,0,0,0,0,1,2,70.1,659.65,Yes,0.775,701.0
6099,1,0,0,0,4,0,1,0,0,0,2,0,0,0,0,1,2,29.65,118.5,Yes,0.87,118.6
319,1,0,0,0,43,1,2,1,0,2,0,0,0,0,0,1,2,77.85,3365.85,Yes,0.705,3347.5499999999997
866,1,0,0,0,4,1,0,0,0,0,0,0,0,2,0,0,2,54.3,195.3,Yes,0.79,217.2
4473,0,1,0,0,11,1,2,1,0,0,0,0,2,2,0,1,0,95.15,997.65,Yes,0.87,1046.65
3349,1,0,1,0,47,1,2,1,2,0,2,2,2,2,1,1,1,110.85,5275.8,Yes,0.72,5209.95
1979,1,0,0,0,1,1,0,1,0,0,0,0,0,2,0,0,2,80.5,80.5,Yes,0.94,80.5
5758,1,0,0,0,4,1,2,1,0,0,0,0,0,0,0,1,0,72.2,305.55,Yes,0.745,288.8
1970,1,1,0,0,43,1,0,1,0,0,0,0,2,2,0,1,3,89.55,3856.75,Yes,0.79,3850.65
5331,1,0,1,0,42,1,2,1,0,2,2,0,2,0,0,1,0,95.25,3959.35,Yes,0.77,4000.5
3087,0,0,1,1,5,1,0,1,0,0,0,2,2,0,0,1,2,85.75,470.95,Yes,0.885,428.75
1674,0,1,0,0,6,1,2,1,0,2,0,0,2,2,0,1,2,98.25,560.6,Yes,0.975,589.5
1034,0,1,0,0,1,0,1,0,0,0,0,0,0,0,0,1,3,25.7,25.7,Yes,0.965,25.7
1758,0,0,1,1,7,1,0,1,0,0,0,0,0,0,0,1,2,69.0,506.9,Yes,0.725,483.0
1960,1,0,0,0,2,1,0,0,0,0,0,0,0,0,0,0,0,46.05,80.35,Yes,0.835,92.1
2297,0,1,1,0,1,1,0,1,0,2,0,0,0,0,0,1,3,76.4,76.4,Yes,0.79,76.4
6807,0,0,0,0,5,1,2,1,0,0,2,0,2,2,0,1,2,100.5,514,Yes,0.995,502.5
3664,1,1,1,1,22,0,1,0,2,0,0,0,0,2,0,0,3,40.05,880.2,Yes,0.76,881.0999999999999
5081,1,0,0,0,1,1,0,1,0,0,0,0,0,0,0,0,2,69.95,69.95,Yes,0.955,69.95
4617,1,0,0,1,1,1,2,1,0,0,0,0,2,2,0,1,2,93.3,93.3,Yes,0.935,93.3
6262,1,0,0,0,3,1,0,0,0,0,2,0,0,0,0,1,2,49.15,169.05,Yes,0.875,147.45
2633,0,0,0,0,1,0,1,0,0,0,0,0,0,2,0,0,3,35.05,35.05,Yes,0.87,35.05
1328,0,1,0,0,1,1,0,1,0,2,0,0,0,0,0,1,2,73.0,73,Yes,0.845,73.0
213,0,0,0,0,1,1,0,1,0,0,0,0,0,0,0,1,2,70.1,70.1,Yes,0.975,70.1
3027,0,1,0,0,2,1,0,1,0,0,0,0,0,0,0,1,2,70.65,142.35,Yes,0.8,141.3
4928,0,0,0,0,3,1,0,1,2,0,2,0,2,2,0,1,1,99.0,287.4,Yes,0.715,297.0
2250,1,0,0,0,26,1,2,1,0,0,0,0,0,2,0,1,2,83.95,2254.2,Yes,0.8,2182.7000000000003
4680,1,0,0,0,1,1,0,2,1,1,1,1,1,1,0,0,3,19.7,19.7,Yes,0.8741666666666665,19.7
6507,0,0,0,0,5,1,2,1,0,0,0,0,0,0,0,0,2,75.55,413.65,Yes,0.905,377.75
1896,0,0,0,0,9,1,0,1,0,0,0,0,2,0,0,1,0,77.65,714.15,Yes,0.925,698.85
1097,0,1,0,0,26,1,2,1,2,2,0,0,0,2,0,1,2,95.0,2497.2,Yes,0.87,2470.0
3855,0,0,0,0,2,1,0,1,0,0,0,0,0,0,0,0,2,70.35,139.25,No,0.725,140.7
5012,1,0,0,0,54,1,0,1,2,2,0,2,2,2,1,1,1,105.4,5643.4,Yes,0.75,5691.6
519,1,0,0,0,2,1,0,1,0,0,2,0,2,2,0,1,2,95.85,197.7,Yes,0.925,191.7
5294,1,0,0,0,1,1,2,1,0,2,0,0,0,0,0,1,2,79.15,79.15,Yes,0.815,79.15
6178,0,0,0,0,4,1,0,1,0,0,0,0,2,0,0,1,2,79.0,303.15,Yes,0.945,316.0
3170,0,0,1,1,17,1,0,1,2,0,0,2,2,0,0,0,2,91.85,1574.45,Yes,0.8,1561.4499999999998
6100,0,1,0,0,60,1,2,1,0,0,2,2,2,2,1,1,2,106.0,6441.4,Yes,0.79,6360.0
6553,0,0,0,0,13,1,2,1,2,0,0,0,2,2,0,1,2,100.35,1358.85,Yes,0.92,1304.55
6797,1,1,1,1,1,1,0,0,0,0,0,2,0,0,0,1,1,49.25,49.25,Yes,0.74,49.25
1243,1,0,1,1,50,1,2,1,0,2,0,2,2,2,0,0,2,103.7,5071.05,Yes,0.76,5185.0
5730,1,0,1,0,65,1,2,1,2,2,2,0,0,0,1,0,2,89.75,5769.6,Yes,0.715,5833.75
5727,0,0,0,0,1,1,0,2,1,1,1,1,1,1,0,1,3,20.3,20.3,Yes,0.855,20.3
4854,0,0,0,0,2,1,2,1,0,0,0,0,0,0,0,1,3,74.9,136.05,No,0.765,149.8
6269,1,1,1,0,7,1,2,1,0,0,2,0,2,2,0,1,2,101.95,700.85,Yes,0.96,713.65
1873,1,1,0,0,2,1,2,1,0,0,0,0,2,2,0,1,2,94.0,181.7,Yes,0.98,188.0
1983,0,0,0,0,45,1,2,1,0,2,0,0,2,0,0,1,1,89.3,4016.85,Yes,0.785,4018.5
6960,0,0,0,0,1,1,0,1,0,2,0,0,0,0,0,1,1,74.3,74.3,Yes,0.915,74.3
5560,1,0,0,0,1,0,1,0,0,2,0,2,0,2,0,1,3,44.65,44.65,Yes,0.815,44.65
642,1,0,0,0,10,1,2,1,0,2,0,0,0,0,0,1,0,80.7,788.8,Yes,0.935,807.0
482,1,0,0,1,4,1,2,1,0,2,0,0,2,2,0,1,2,101.7,364.55,Yes,0.965,406.8
2124,1,0,1,1,41,1,2,1,0,0,2,2,2,2,1,1,2,102.6,4213.35,Yes,0.8,4206.599999999999
2276,1,0,1,1,71,1,2,1,0,2,2,0,2,2,2,1,0,106.0,7723.7,Yes,0.74,7526.0
4062,1,0,0,0,69,1,2,1,0,0,2,2,2,2,2,1,0,106.5,7348.8,Yes,0.745,7348.5
5485,0,0,1,1,32,1,2,1,0,0,2,0,0,2,0,1,0,91.05,2954.5,Yes,0.715,2913.6
6870,0,1,1,0,51,1,2,1,2,0,0,0,0,0,0,1,2,77.5,3807.35,Yes,0.785,3952.5
4275,0,0,1,0,72,0,1,0,0,2,2,0,2,2,2,1,2,54.2,3937.45,Yes,0.745,3902.4
4673,1,0,0,0,1,1,0,0,0,0,2,0,0,0,0,1,2,50.5,50.5,Yes,0.72,50.5
2477,1,1,0,0,1,1,2,1,0,0,0,0,0,0,0,1,2,74.4,74.4,Yes,0.995,74.4
4459,1,0,0,1,31,1,2,0,0,2,0,2,2,2,1,1,3,79.45,2587.7,Yes,0.715,2462.9500000000003
2573,1,0,0,0,58,1,2,1,0,0,2,2,2,2,1,1,2,104.65,6219.6,Yes,0.77,6069.700000000001
6087,1,1,1,0,47,1,2,1,0,0,2,0,2,2,0,1,2,100.05,4871.05,Yes,0.91,4702.349999999999
6184,1,0,0,0,44,1,0,1,0,2,0,2,2,2,0,0,2,100.55,4398.15,Yes,0.745,4424.2
5959,1,0,0,0,2,1,0,1,0,2,0,0,2,2,0,0,2,95.65,167.3,Yes,0.865,191.3
6490,0,0,0,0,1,1,0,1,0,0,2,0,2,2,0,0,2,94.4,94.4,Yes,0.95,94.4
3032,0,0,0,0,1,1,0,0,0,0,0,0,2,0,0,1,1,55.0,55,Yes,0.77,55.0
3845,1,0,0,0,1,1,2,1,0,0,2,0,2,2,0,1,2,101.45,101.45,Yes,0.98,101.45
1424,0,0,1,0,5,1,2,0,0,0,2,2,2,0,0,0,0,67.95,350.3,Yes,0.745,339.75
332,0,0,0,0,1,1,0,1,0,0,0,0,0,0,0,1,2,69.5,69.5,Yes,1.0,69.5
6836,0,0,0,0,1,1,0,1,0,0,0,0,0,0,0,1,2,69.2,69.2,Yes,1.0,69.2
5151,1,0,0,0,1,1,0,1,0,0,0,0,0,0,0,1,2,69.65,69.65,Yes,1.0,69.65
1695,1,1,1,0,40,1,2,1,2,0,0,0,2,2,0,0,2,101.85,4086.3,Yes,0.75,4074.0
508,0,0,0,0,1,1,0,1,0,2,2,0,0,0,0,1,2,82.3,82.3,Yes,0.965,82.3
4320,1,0,0,0,3,1,0,1,0,0,0,0,2,0,0,0,2,79.25,267.6,Yes,0.86,237.75
4156,0,0,0,0,13,1,2,1,0,0,0,0,0,2,0,1,2,84.6,1115.2,Yes,0.815,1099.8
6135,0,0,1,1,42,1,2,1,0,0,0,0,2,2,0,1,2,94.2,4186.3,Yes,0.845,3956.4
414,1,1,1,0,1,0,1,0,0,0,0,0,0,0,0,0,2,25.05,25.05,Yes,0.915,25.05
4979,0,0,0,0,29,0,1,0,0,0,0,0,0,0,0,1,1,25.1,712.85,Yes,0.735,727.9000000000001
4871,1,0,0,1,1,1,0,0,0,0,2,0,0,0,0,0,2,48.95,48.95,Yes,0.835,48.95
1318,1,0,0,0,1,1,0,0,0,0,0,0,0,0,0,0,2,45.3,45.3,Yes,0.96,45.3
127,1,0,0,0,2,1,0,1,0,0,2,0,0,2,0,1,2,85.85,167.3,Yes,0.88,171.7
1895,1,0,0,1,10,1,2,1,0,0,0,0,2,2,0,0,2,95.2,930.4,Yes,0.805,952.0
5130,1,1,0,0,2,1,2,1,0,0,0,0,0,0,0,1,3,74.85,156.4,Yes,0.835,149.7
355,1,0,0,0,35,1,0,1,0,2,2,0,2,2,1,1,0,102.35,3626.1,Yes,0.725,3582.25
993,1,0,1,0,70,1,2,1,2,2,2,2,2,2,1,0,1,115.65,7968.85,Yes,0.72,8095.5
4046,1,0,0,0,2,1,0,1,0,0,2,2,0,0,0,1,2,79.85,152.45,Yes,0.73,159.7
2309,1,0,0,0,15,1,2,1,0,0,0,0,0,0,0,1,3,76.0,1130.85,Yes,0.85,1140.0
4170,0,0,0,0,1,1,0,0,0,0,0,0,0,2,0,1,2,56.25,56.25,Yes,0.845,56.25
901,1,0,1,0,21,1,2,1,0,0,2,2,2,2,0,1,2,106.1,2249.95,Yes,0.915,2228.1
6548,0,1,0,0,2,1,0,1,0,0,0,0,0,2,0,1,0,79.75,159.4,Yes,0.89,159.5
1969,0,0,0,0,1,1,0,1,0,0,0,0,0,0,0,0,2,68.65,68.65,Yes,0.85,68.65
6136,0,0,0,0,33,1,2,1,0,2,0,0,2,2,0,1,2,100.0,3320.6,No,0.74,3300.0
2523,0,1,1,0,14,1,2,1,0,2,0,0,2,2,0,1,2,100.2,1369.8,Yes,0.9,1402.8
4895,1,0,1,1,15,1,2,1,0,0,0,0,0,0,0,1,0,74.9,1107.25,Yes,0.84,1123.5
4941,0,1,0,0,9,1,2,1,0,0,2,0,2,0,0,1,2,90.1,816.8,No,0.78,810.9
699,0,0,0,0,1,1,0,1,0,0,0,0,0,0,0,1,2,70.85,70.85,Yes,0.945,70.85
4114,1,0,0,0,2,1,0,1,0,0,0,0,0,0,0,1,1,69.8,134.7,Yes,0.785,139.6
21,0,0,1,0,13,1,2,1,0,2,2,0,2,0,0,0,2,94.1,1215.6,Yes,0.79,1223.3
3196,0,0,1,1,3,0,1,0,2,0,0,0,0,0,0,0,1,29.7,91.7,Yes,0.8,89.1
5408,1,1,0,0,66,1,2,1,0,2,2,2,2,2,1,0,1,110.9,7432.05,Yes,0.71,7319.400000000001
5136,1,0,0,1,1,0,1,0,0,0,0,0,0,0,0,1,2,25.3,25.3,Yes,0.865,25.3
680,1,0,0,0,1,1,0,2,1,1,1,1,1,1,0,1,3,20.1,20.1,Yes,0.875,20.1
720,1,0,1,1,1,1,0,1,0,0,0,0,0,0,0,1,3,69.9,69.9,Yes,0.885,69.9
6749,1,0,0,0,43,1,2,1,0,2,0,0,2,2,0,1,2,101.4,4528,Yes,0.955,4360.2
4566,1,0,0,0,1,1,0,1,0,0,0,0,0,2,0,1,2,80.8,80.8,Yes,0.935,80.8
3253,1,0,0,0,2,1,2,0,0,0,0,0,0,2,0,0,0,62.05,118.3,Yes,0.78,124.1
6505,1,1,0,0,1,1,2,1,0,0,0,0,0,0,0,1,2,76.45,76.45,Yes,1.0,76.45
2365,0,1,0,0,12,1,2,1,0,2,0,0,2,0,0,1,2,91.3,1094.5,Yes,0.9,1095.6
2316,1,1,1,0,6,1,0,1,0,0,2,0,2,2,0,1,2,95.75,573.75,Yes,0.715,574.5
3072,0,0,0,0,1,1,2,1,0,0,0,0,0,0,0,1,2,74.5,74.5,Yes,0.96,74.5
1013,0,0,1,1,10,1,2,1,0,2,2,0,2,2,0,1,1,102.1,1068.85,Yes,0.81,1021.0
1932,0,0,0,0,16,1,0,0,2,0,0,0,0,0,0,1,2,50.15,762.25,Yes,0.705,802.4
1292,0,0,1,0,7,1,2,1,0,0,0,0,2,0,0,1,2,86.5,582.5,Yes,0.94,605.5
994,1,0,1,0,1,1,0,1,0,0,0,0,0,0,0,1,2,69.15,69.15,Yes,0.99,69.15
597,0,0,0,0,9,1,0,1,0,0,0,0,0,2,0,1,2,79.55,723.4,Yes,0.825,715.9499999999999
955,1,1,0,0,3,1,2,1,0,0,2,0,2,0,0,0,2,91.05,289.1,Yes,0.905,273.15
3938,0,1,1,0,2,1,2,1,0,0,2,0,0,0,0,0,2,79.2,172.85,Yes,0.915,158.4
1883,0,0,0,0,2,0,1,0,0,0,0,0,2,2,0,1,2,45.25,85.5,Yes,0.925,90.5
1558,0,1,0,0,14,1,2,1,0,0,0,0,0,0,0,1,2,74.3,1096.25,Yes,0.945,1040.2
6935,0,0,1,0,3,1,2,1,0,0,0,0,0,0,0,1,1,74.1,228,Yes,0.95,222.29999999999998
5633,0,1,0,0,40,1,0,1,2,2,0,0,0,0,0,1,1,79.2,3233.85,Yes,0.825,3168.0
1473,0,0,0,0,12,1,0,1,0,0,2,0,2,2,0,1,2,96.0,1062.1,Yes,0.91,1152.0
3908,0,0,0,0,54,1,2,1,0,0,0,2,2,2,0,1,2,100.1,5440.9,Yes,0.705,5405.4
4409,0,1,0,0,1,1,0,1,0,0,2,0,0,2,0,1,2,85.0,85,Yes,0.95,85.0
3749,1,0,0,1,4,1,0,0,2,0,0,0,0,0,0,1,2,49.4,184.4,Yes,0.77,197.6
5429,0,0,0,0,1,1,0,1,0,0,0,0,0,0,0,1,2,69.2,69.2,Yes,1.0,69.2
2799,1,1,1,0,37,1,2,1,0,0,0,0,2,2,0,1,2,92.5,3473.4,Yes,0.845,3422.5
3464,1,0,0,1,3,1,0,1,0,0,0,0,0,0,0,0,2,69.65,220.1,Yes,0.8,208.95000000000002
2151,1,0,0,0,61,1,2,1,2,0,2,2,2,2,2,1,1,111.6,6876.05,Yes,0.715,6807.599999999999
6906,0,0,0,0,11,1,0,0,2,0,0,0,0,0,0,0,1,48.55,501,Yes,0.72,534.05
5554,0,0,0,0,1,1,0,2,1,1,1,1,1,1,0,1,3,20.2,20.2,Yes,0.995,20.2
5979,1,0,1,1,2,1,2,0,2,0,0,0,0,0,0,0,3,56.7,113.55,Yes,0.755,113.4
6520,1,1,1,0,4,1,2,1,0,0,0,0,0,0,0,0,2,74.95,308.7,Yes,0.81,299.8
5498,1,0,0,0,15,0,1,0,0,0,0,2,0,0,0,1,2,29.7,438.25,Yes,0.765,445.5
6340,1,0,1,0,1,0,1,0,0,0,2,0,2,2,0,1,2,50.35,50.35,Yes,0.945,50.35
1675,1,0,0,0,1,1,0,1,0,0,0,0,0,0,0,1,2,70.3,70.3,Yes,0.98,70.3
2091,1,1,0,0,55,1,2,1,2,0,0,0,2,2,0,1,2,98.8,5617.75,Yes,0.785,5434.0
6204,0,0,0,0,18,1,2,1,0,0,0,2,2,2,0,1,0,99.85,1776.95,Yes,0.81,1797.3
3828,1,1,1,0,32,1,0,1,0,0,0,0,0,2,0,1,1,80.3,2483.05,Yes,0.71,2569.6
6637,1,0,0,0,7,1,2,1,0,0,0,0,0,2,0,1,2,86.8,620.35,Yes,0.935,607.6
4141,1,1,1,0,6,1,0,1,0,2,0,0,0,2,0,1,2,84.2,519.15,Yes,0.87,505.20000000000005
1360,1,0,0,0,13,1,2,1,0,0,0,2,2,2,0,1,3,99.0,1301.7,Yes,0.765,1287.0
2851,0,0,0,0,11,1,2,1,0,0,2,0,2,2,0,1,2,100.75,1129.75,Yes,0.935,1108.25
6995,0,0,1,0,9,1,2,1,2,2,2,0,0,0,0,0,0,91.75,865.8,Yes,0.81,825.75
4683,0,0,0,0,1,1,2,1,0,0,2,0,0,0,0,1,3,79.55,79.55,Yes,0.92,79.55
1849,0,0,1,1,25,1,2,1,0,0,2,0,0,2,0,1,2,89.1,2368.4,Yes,0.885,2227.5
271,0,0,0,0,37,1,2,1,0,2,2,0,2,2,0,1,0,101.9,3545.35,Yes,0.81,3770.3
4742,0,0,1,1,14,1,2,1,0,0,0,2,2,0,0,1,2,91.65,1301,Yes,0.85,1283.1000000000001
882,0,1,0,0,4,1,2,1,0,0,2,0,0,2,0,1,2,88.85,372.45,Yes,0.95,355.4
3885,0,1,0,0,3,0,1,0,0,0,0,0,0,0,0,0,2,25.3,77.75,Yes,0.89,75.9
180,1,0,0,0,1,1,2,1,0,0,0,0,2,2,0,1,2,95.45,95.45,Yes,0.98,95.45
818,1,0,0,0,13,1,0,1,0,0,0,0,2,2,0,1,2,91.1,1135.7,Yes,0.875,1184.3
3126,0,0,0,0,1,1,0,1,0,0,0,0,0,0,0,0,0,69.7,69.7,Yes,0.9,69.7
2080,0,0,0,0,6,1,0,1,0,0,0,0,2,2,0,1,2,89.5,573.3,Yes,0.94,537.0
5230,1,0,1,0,3,0,1,0,0,0,0,0,0,2,0,1,2,35.15,99.75,Yes,0.89,105.44999999999999
5383,1,0,0,1,12,1,2,1,0,0,0,0,0,0,0,1,1,73.75,871.4,Yes,0.74,885.0
5128,0,1,0,0,8,1,2,1,0,0,2,0,2,2,0,0,2,101.35,780.5,Yes,0.94,810.8
5630,1,0,0,0,3,1,0,1,0,0,2,2,2,0,0,1,3,89.85,244.45,No,0.885,269.54999999999995
966,1,1,1,0,3,1,2,1,0,2,2,0,2,2,0,1,2,105.9,334.65,Yes,0.925,317.70000000000005
1186,1,0,0,1,9,1,0,0,0,0,0,0,2,0,0,0,2,55.35,449.75,Yes,0.725,498.15000000000003
5075,1,1,1,0,43,1,2,1,0,2,2,0,2,2,0,1,2,103.0,4414.3,Yes,0.885,4429.0
5872,0,0,1,0,33,1,0,1,2,0,2,2,2,2,1,1,2,103.75,3361.05,Yes,0.76,3423.75
4565,1,0,0,0,1,1,0,1,0,0,0,0,0,0,0,1,2,69.35,69.35,Yes,1.0,69.35
1000,0,0,0,0,56,1,0,1,0,2,0,0,0,0,0,1,2,73.85,4092.85,Yes,0.715,4135.599999999999
3950,0,0,1,0,3,1,2,1,0,0,0,0,0,0,0,1,1,75.15,216.75,Yes,0.955,225.45000000000002
4601,1,0,0,0,1,1,0,1,0,0,0,0,0,0,0,1,2,69.6,69.6,Yes,0.995,69.6
5455,1,0,1,1,5,1,2,1,0,2,0,0,0,0,0,1,2,80.15,385,Yes,0.935,400.75
25,0,0,1,1,1,0,1,0,2,0,0,0,0,0,0,0,0,30.5,30.5,Yes,0.8,30.5
4528,0,0,0,0,48,1,2,1,0,2,2,0,2,2,0,1,0,107.4,5121.3,Yes,0.835,5155.200000000001
1072,0,1,0,0,13,1,2,1,0,0,0,0,0,2,0,1,2,82.0,1127.2,Yes,0.915,1066.0
5782,0,0,1,0,24,1,2,1,0,0,0,0,0,0,0,1,1,75.4,1747.85,Yes,0.735,1809.6000000000001
6161,1,1,0,0,25,1,2,1,0,2,0,0,2,0,0,1,2,89.5,2196.15,Yes,0.8,2237.5
6121,0,1,0,0,22,1,2,1,0,0,0,0,0,0,0,1,0,74.4,1692.6,Yes,0.75,1636.8000000000002
3322,1,0,0,0,1,1,0,2,1,1,1,1,1,1,0,0,3,20.5,20.5,Yes,0.73,20.5
5734,1,0,0,0,4,1,2,1,0,0,0,0,0,0,0,1,2,74.35,265.35,Yes,0.855,297.4
5133,0,1,1,0,18,1,2,1,0,0,0,2,2,2,0,0,0,99.75,1836.25,Yes,0.855,1795.5
4723,0,1,0,0,56,1,2,1,0,2,2,2,2,2,1,1,2,111.95,6418.9,Yes,0.8,6269.2
535,1,1,0,0,16,0,1,0,0,2,0,0,2,0,0,1,3,39.0,679.85,Yes,0.735,624.0
2502,0,0,0,0,8,1,2,1,0,0,0,0,2,2,0,0,0,95.65,778.1,Yes,0.955,765.2
4656,0,1,1,0,50,1,2,1,0,2,0,0,2,0,0,1,2,88.05,4367.35,Yes,0.795,4402.5
1430,1,0,0,0,3,0,1,0,2,2,0,0,0,0,0,1,3,35.45,106.85,Yes,0.81,106.35000000000001
4461,1,0,0,0,3,1,0,0,0,2,0,0,0,0,0,1,3,49.9,130.1,Yes,0.85,149.7
53,1,0,0,0,40,1,2,1,0,2,2,0,2,2,0,1,1,104.5,4036.85,Yes,0.865,4180.0
1329,0,1,0,0,3,1,2,1,0,0,0,0,0,0,0,1,1,75.05,256.25,Yes,0.935,225.14999999999998
5462,1,0,0,0,23,1,2,1,0,0,2,0,0,0,0,1,2,81.0,1917.1,Yes,0.745,1863.0
492,0,1,1,0,1,1,2,1,0,0,0,0,0,0,0,1,2,74.45,74.45,Yes,0.965,74.45
3889,0,0,0,0,4,1,0,0,2,2,0,2,0,0,0,1,3,60.4,272.15,Yes,0.79,241.6
771,1,0,1,1,1,1,0,1,0,0,0,0,0,0,0,1,3,70.65,70.65,Yes,0.895,70.65
6190,0,0,0,0,9,1,0,0,0,0,0,0,0,0,0,1,0,44.2,403.35,Yes,0.75,397.8
4883,1,1,0,0,1,1,2,1,0,0,0,0,0,0,0,1,2,75.75,75.75,Yes,0.985,75.75
437,0,0,0,0,67,1,2,1,2,2,2,0,2,0,0,1,1,102.95,6886.25,Yes,0.725,6897.650000000001
5923,1,1,1,0,4,1,2,1,0,0,0,0,0,0,0,1,3,74.4,306.6,Yes,0.89,297.6
